2025-08-20 13:35:03,908 - INFO - Datei erfolgreich geladen: C:/Users/rodi9/Dropbox/InstitutGR/HESS4MRA/Testing/Supercap Testing/Testing/Eaton/25F/ESR_A4_DUT1_V1_EATON_Testaufbau_25F_01-07-2025.csv
2025-08-20 13:35:03,915 - INFO - Analyse gestartet: Original_Signal
2025-08-20 13:35:04,100 - INFO - Peak gefunden bei t=1830.790s, Wert=2.985
2025-08-20 13:46:42,254 - INFO - Datei erfolgreich geladen: C:/Users/rodi9/Dropbox/InstitutGR/HESS4MRA/Testing/Supercap Testing/Testing/Eaton/25F/C_A2_DUT1_V1_Eaton_25F_06-08-2025.csv
2025-08-20 13:46:42,263 - INFO - Analyse gestartet: Original_Signal
2025-08-20 13:46:45,685 - INFO - Peak gefunden bei t=1838.060s, Wert=2.989
2025-08-20 14:04:18,223 - INFO - Datei erfolgreich geladen: C:/Users/rodi9/Dropbox/InstitutGR/HESS4MRA/Testing/Supercap Testing/Testing/Eaton/25F/C_B1_DUT3_V1_EATON_Testaufbau_25F_01-07-2025.csv
2025-08-20 14:04:18,226 - INFO - Analyse gestartet: Original_Signal
2025-08-20 14:04:18,357 - INFO - Peak gefunden bei t=343.370s, Wert=2.986
2025-08-20 14:05:04,620 - INFO - Analyse gestartet: Original_Signal
2025-08-20 14:05:04,686 - INFO - Peak gefunden bei t=343.370s, Wert=2.986
2025-08-20 14:05:28,723 - INFO - Datei erfolgreich geladen: C:/Users/rodi9/Dropbox/InstitutGR/HESS4MRA/Testing/Supercap Testing/Testing/Eaton/25F/C_A2_DUT1_V1_Eaton_25F_06-08-2025.csv
2025-08-20 14:05:28,732 - INFO - Analyse gestartet: Original_Signal
2025-08-20 14:05:32,296 - INFO - Peak gefunden bei t=1838.060s, Wert=2.989
2025-08-20 14:05:40,790 - INFO - Datei erfolgreich geladen: C:/Users/rodi9/Dropbox/InstitutGR/HESS4MRA/Testing/Supercap Testing/Testing/Eaton/25F/C_A2_DUT1_V1_Eaton_25F_06-08-2025.csv
2025-08-20 14:05:40,798 - INFO - Analyse gestartet: Original_Signal
2025-08-20 14:05:44,159 - INFO - Peak gefunden bei t=1838.060s, Wert=2.989
2025-08-20 14:06:26,863 - INFO - SignalData erfolgreich in C:/Users/rodi9/Dropbox/InstitutGR/HESS4MRA/Testing/Supercap Testing/Testing/Eaton/25F\cut_data\C_A2_DUT1_V1_Eaton_25F_cut.csv gespeichert.
2025-08-20 14:06:26,863 - INFO - Gespeichert: C:/Users/rodi9/Dropbox/InstitutGR/HESS4MRA/Testing/Supercap Testing/Testing/Eaton/25F\cut_data\C_A2_DUT1_V1_Eaton_25F_cut.csv
2025-08-20 15:03:59,484 - INFO - Analyse gestartet: Original_Signal
2025-08-20 15:04:02,631 - INFO - Peak gefunden bei t=1838.060s, Wert=2.989
2025-08-20 15:06:17,085 - INFO - Datei erfolgreich geladen: C:/Users/rodi9/Dropbox/InstitutGR/HESS4MRA/Testing/Supercap Testing/Testing/Eaton/25F/ESR_A2_DUT2_V1_EATON_Testaufbau_25F_01-07-2025.csv
2025-08-20 15:06:17,088 - INFO - Analyse gestartet: Original_Signal
2025-08-20 15:06:17,540 - INFO - Peak gefunden bei t=1813.220s, Wert=2.988
2025-08-20 18:12:21,328 - CRITICAL - Unbehandelte Ausnahme (File: log, Line: 22, Function: handle_exception)
Traceback (most recent call last):
  File "c:\Users\rodi9\Dropbox\InstitutGR\HESS4MRA\Testing\CapMeasurementSystem\main.py", line 9, in <module>
    from calcParamsCurrent import *
  File "c:\Users\rodi9\Dropbox\InstitutGR\HESS4MRA\Testing\CapMeasurementSystem\calcParamsCurrent.py", line 1, in <module>
    import sympy as sp
ModuleNotFoundError: No module named 'sympy'
2025-08-22 10:10:45,957 - INFO - Datei erfolgreich geladen: C:/Users/rodi9/Dropbox/InstitutGR/HESS4MRA/Testing/Supercap Testing/Testing/Eaton/25F/ESR_A2_DUT2_V1_EATON_Testaufbau_25F_01-07-2025.csv
2025-08-22 10:10:45,961 - INFO - Analyse gestartet: Original_Signal
2025-08-22 10:10:46,411 - INFO - Peak gefunden bei t=1813.220s, Wert=2.988
2025-08-22 10:11:30,957 - INFO - Analyse gestartet: Original_Signal
2025-08-22 10:11:31,381 - INFO - Peak gefunden bei t=1813.220s, Wert=2.988
2025-08-22 10:11:48,397 - INFO - Analyse gestartet: Original_Signal
2025-08-22 10:11:48,821 - INFO - Peak gefunden bei t=1813.220s, Wert=2.988
2025-08-22 10:11:58,589 - INFO - Analyse gestartet: Original_Signal
2025-08-22 10:11:58,959 - INFO - Peak gefunden bei t=1813.220s, Wert=2.988
2025-08-22 10:12:03,749 - INFO - Datei erfolgreich geladen: C:/Users/rodi9/Dropbox/InstitutGR/HESS4MRA/Testing/Supercap Testing/Testing/Eaton/25F/C_A2_DUT1_V1_Eaton_25F_06-08-2025.csv
2025-08-22 10:12:03,756 - INFO - Analyse gestartet: Original_Signal
2025-08-22 10:12:07,675 - INFO - Peak gefunden bei t=1838.060s, Wert=2.989
2025-08-22 10:53:56,023 - INFO - Datei erfolgreich geladen: C:/Users/rodi9/Dropbox/InstitutGR/HESS4MRA/Testing/Supercap Testing/Testing/Eaton/25F/C_A2_DUT1_V1_Eaton_25F_06-08-2025.csv
2025-08-22 10:53:56,030 - INFO - Analyse gestartet: Original_Signal
2025-08-22 10:53:58,816 - INFO - Peak gefunden bei t=1838.060s, Wert=2.989
2025-08-22 10:55:23,943 - INFO - Datei erfolgreich geladen: C:/Users/rodi9/Dropbox/InstitutGR/HESS4MRA/Testing/Supercap Testing/Testing/Eaton/25F/ESR_A4_DUT1_V1_EATON_Testaufbau_25F_01-07-2025.csv
2025-08-22 10:55:23,947 - INFO - Analyse gestartet: Original_Signal
2025-08-22 10:55:24,070 - INFO - Peak gefunden bei t=1830.790s, Wert=2.985
2025-08-22 11:16:38,977 - INFO - Datei erfolgreich geladen: C:/Users/rodi9/Dropbox/InstitutGR/HESS4MRA/Testing/Supercap Testing/Testing/Eaton/25F/ESR_A2_DUT2_V1_EATON_Testaufbau_25F_01-07-2025.csv
2025-08-22 11:16:38,981 - INFO - Analyse gestartet: Original_Signal
2025-08-22 11:16:39,347 - INFO - Peak gefunden bei t=1813.220s, Wert=2.988
2025-08-22 11:24:28,682 - INFO - Datei erfolgreich geladen: C:/Users/rodi9/Dropbox/InstitutGR/HESS4MRA/Testing/Supercap Testing/Testing/Eaton/25F/C_B1_DUT1_V1_EATON_Testaufbau_25F_01-07-2025.csv
2025-08-22 11:24:28,683 - INFO - Analyse gestartet: Original_Signal
2025-08-22 11:24:28,743 - INFO - Peak gefunden bei t=345.800s, Wert=2.988
2025-08-22 11:25:07,249 - INFO - Datei erfolgreich geladen: C:/Users/rodi9/Dropbox/InstitutGR/HESS4MRA/Testing/Supercap Testing/Testing/Eaton/25F/ESR_A4_DUT1_V1_EATON_Testaufbau_25F_01-07-2025.csv
2025-08-22 11:25:07,252 - INFO - Analyse gestartet: Original_Signal
2025-08-22 11:25:07,389 - INFO - Peak gefunden bei t=1830.790s, Wert=2.985
2025-08-22 11:25:31,245 - INFO - Datei erfolgreich geladen: C:/Users/rodi9/Dropbox/InstitutGR/HESS4MRA/Testing/Supercap Testing/Testing/Eaton/25F/C_A2_DUT2_V1_Eaton_25F_06-08-2025.csv
2025-08-22 11:25:31,253 - INFO - Analyse gestartet: Original_Signal
2025-08-22 11:25:34,202 - INFO - Peak gefunden bei t=1838.420s, Wert=2.988
2025-08-22 11:25:55,507 - INFO - Datei erfolgreich geladen: C:/Users/rodi9/Dropbox/InstitutGR/HESS4MRA/Testing/Supercap Testing/Testing/Eaton/25F/C_A2_DUT1_V1_Eaton_25F_06-08-2025.csv
2025-08-22 11:25:55,515 - INFO - Analyse gestartet: Original_Signal
2025-08-22 11:25:58,434 - INFO - Peak gefunden bei t=1838.060s, Wert=2.989
2025-08-22 11:28:38,427 - INFO - Datei erfolgreich geladen: C:/Users/rodi9/Dropbox/InstitutGR/HESS4MRA/Testing/Supercap Testing/Testing/Eaton/25F/ESR_A2_DUT3_V1_EATON_Testaufbau_25F_01-07-2025.csv
2025-08-22 11:28:38,432 - INFO - Analyse gestartet: Original_Signal
2025-08-22 11:28:38,832 - INFO - Peak gefunden bei t=1864.310s, Wert=2.986
2025-08-22 11:30:54,407 - INFO - Datei erfolgreich geladen: C:/Users/rodi9/Dropbox/InstitutGR/HESS4MRA/Testing/Supercap Testing/Testing/Eaton/25F/ESR_A4_DUT1_V1_EATON_Testaufbau_25F_01-07-2025.csv
2025-08-22 11:30:54,411 - INFO - Analyse gestartet: Original_Signal
2025-08-22 11:30:54,545 - INFO - Peak gefunden bei t=1830.790s, Wert=2.985
2025-08-22 11:31:15,068 - INFO - Datei erfolgreich geladen: C:/Users/rodi9/Dropbox/InstitutGR/HESS4MRA/Testing/Supercap Testing/Testing/Eaton/25F/C_A2_DUT3_V1_Eaton_25F_06-08-2025.csv
2025-08-22 11:31:15,090 - INFO - Analyse gestartet: Original_Signal
2025-08-22 11:31:18,051 - INFO - Peak gefunden bei t=1838.600s, Wert=2.990
2025-08-22 11:34:30,241 - INFO - Datei erfolgreich geladen: C:/Users/rodi9/Dropbox/InstitutGR/HESS4MRA/Testing/Supercap Testing/Testing/Eaton/25F/ESR_A2_DUT1_V1_EATON_Testaufbau_25F_01-07-2025.csv
2025-08-22 11:34:30,244 - INFO - Analyse gestartet: Original_Signal
2025-08-22 11:34:30,564 - INFO - Peak gefunden bei t=1829.450s, Wert=2.988
2025-08-22 11:34:37,461 - INFO - Datei erfolgreich geladen: C:/Users/rodi9/Dropbox/InstitutGR/HESS4MRA/Testing/Supercap Testing/Testing/Eaton/25F/C_A4_DUT1_V1_EATON_Testaufbau_25F_01-07-2025.csv
2025-08-22 11:34:37,464 - INFO - Analyse gestartet: Original_Signal
2025-08-22 11:34:37,596 - INFO - Peak gefunden bei t=1832.840s, Wert=2.986
2025-08-22 11:35:39,245 - INFO - Datei erfolgreich geladen: C:/Users/rodi9/Dropbox/InstitutGR/HESS4MRA/Testing/Supercap Testing/Testing/Eaton/25F/C_A4_DUT3_V1_EATON_Testaufbau_25F_01-07-2025.csv
2025-08-22 11:35:39,249 - INFO - Analyse gestartet: Original_Signal
2025-08-22 11:35:39,404 - INFO - Peak gefunden bei t=1849.960s, Wert=2.986
2025-08-22 11:35:48,376 - INFO - Datei erfolgreich geladen: C:/Users/rodi9/Dropbox/InstitutGR/HESS4MRA/Testing/Supercap Testing/Testing/Eaton/25F/ESR_A2_DUT3_V1_EATON_Testaufbau_25F_01-07-2025.csv
2025-08-22 11:35:48,380 - INFO - Analyse gestartet: Original_Signal
2025-08-22 11:35:48,745 - INFO - Peak gefunden bei t=1864.310s, Wert=2.986
2025-08-22 11:36:38,524 - INFO - Datei erfolgreich geladen: C:/Users/rodi9/Dropbox/InstitutGR/HESS4MRA/Testing/Supercap Testing/Testing/Eaton/25F/C_A2_DUT1_V1_Eaton_25F_06-08-2025.csv
2025-08-22 11:36:38,531 - INFO - Analyse gestartet: Original_Signal
2025-08-22 11:36:41,362 - INFO - Peak gefunden bei t=1838.060s, Wert=2.989
2025-08-22 11:40:58,234 - INFO - Datei erfolgreich geladen: C:/Users/rodi9/Dropbox/InstitutGR/HESS4MRA/Testing/Supercap Testing/Testing/Eaton/25F/C_A2_DUT1_V1_Eaton_25F_06-08-2025.csv
2025-08-22 11:40:58,241 - INFO - Analyse gestartet: Original_Signal
2025-08-22 11:41:00,953 - INFO - Peak gefunden bei t=1838.060s, Wert=2.989
2025-08-22 11:41:07,441 - INFO - Datei erfolgreich geladen: C:/Users/rodi9/Dropbox/InstitutGR/HESS4MRA/Testing/Supercap Testing/Testing/Eaton/25F/ESR_A2_DUT1_V1_EATON_Testaufbau_25F_01-07-2025.csv
2025-08-22 11:41:07,443 - INFO - Analyse gestartet: Original_Signal
2025-08-22 11:41:07,736 - INFO - Peak gefunden bei t=1829.450s, Wert=2.988
2025-08-23 11:27:25,342 - INFO - Datei erfolgreich geladen: C:/Users/rodi9/Dropbox/InstitutGR/HESS4MRA/Testing/Supercap Testing/Testing/Eaton/25F/C_A4_DUT2_V1_EATON_Testaufbau_25F_01-07-2025.csv
2025-08-23 11:27:25,346 - INFO - Analyse gestartet: Original_Signal
2025-08-23 11:27:25,495 - INFO - Peak gefunden bei t=1832.910s, Wert=2.987
2025-08-23 11:30:49,840 - INFO - Datei erfolgreich geladen: C:/Users/rodi9/Dropbox/InstitutGR/HESS4MRA/Testing/Supercap Testing/Testing/Eaton/25F/ESR_A4_DUT1_V1_EATON_Testaufbau_25F_01-07-2025.csv
2025-08-23 11:30:49,844 - INFO - Analyse gestartet: Original_Signal
2025-08-23 11:30:49,994 - INFO - Peak gefunden bei t=1830.790s, Wert=2.985
2025-08-23 11:30:57,117 - INFO - Datei erfolgreich geladen: C:/Users/rodi9/Dropbox/InstitutGR/HESS4MRA/Testing/Supercap Testing/Testing/Eaton/25F/C_A2_DUT2_V1_Eaton_25F_06-08-2025.csv
2025-08-23 11:30:57,124 - INFO - Analyse gestartet: Original_Signal
2025-08-23 11:31:00,037 - INFO - Peak gefunden bei t=1838.420s, Wert=2.988
2025-08-23 11:53:16,810 - CRITICAL - Unbehandelte Ausnahme (File: log, Line: 22, Function: handle_exception)
Traceback (most recent call last):
  File "c:\Users\rodi9\Dropbox\InstitutGR\HESS4MRA\Testing\CapMeasurementSystem\main.py", line 2, in <module>
    from ui import run_app
  File "c:\Users\rodi9\Dropbox\InstitutGR\HESS4MRA\Testing\CapMeasurementSystem\ui.py", line 19, in <module>
    from gui_fig import DischargePlot
ImportError: cannot import name 'DischargePlot' from 'gui_fig' (c:\Users\rodi9\Dropbox\InstitutGR\HESS4MRA\Testing\CapMeasurementSystem\gui_fig.py)
2025-08-23 11:53:49,975 - INFO - Datei erfolgreich geladen: C:/Users/rodi9/Dropbox/InstitutGR/HESS4MRA/Testing/Supercap Testing/Testing/Eaton/25F/C_A4_DUT3_V1_EATON_Testaufbau_25F_01-07-2025.csv
2025-08-23 11:53:49,979 - INFO - Analyse gestartet: Original_Signal
2025-08-23 11:53:50,105 - INFO - Peak gefunden bei t=1849.960s, Wert=2.986
2025-08-23 11:54:27,886 - INFO - Datei erfolgreich geladen: C:/Users/rodi9/Dropbox/InstitutGR/HESS4MRA/Testing/Supercap Testing/Testing/Eaton/25F/C_A2_DUT2_V1_Eaton_25F_06-08-2025.csv
2025-08-23 11:54:27,891 - INFO - Analyse gestartet: Original_Signal
2025-08-23 11:54:30,829 - INFO - Peak gefunden bei t=1838.420s, Wert=2.988
2025-08-23 11:54:44,893 - INFO - Datei erfolgreich geladen: C:/Users/rodi9/Dropbox/InstitutGR/HESS4MRA/Testing/Supercap Testing/Testing/Eaton/25F/C_A2_DUT1_V1_Eaton_25F_06-08-2025.csv
2025-08-23 11:54:44,901 - INFO - Analyse gestartet: Original_Signal
2025-08-23 11:54:47,735 - INFO - Peak gefunden bei t=1838.060s, Wert=2.989
2025-08-23 11:54:50,811 - INFO - Datei erfolgreich geladen: C:/Users/rodi9/Dropbox/InstitutGR/HESS4MRA/Testing/Supercap Testing/Testing/Eaton/25F/ESR_A2_DUT3_V1_EATON_Testaufbau_25F_01-07-2025.csv
2025-08-23 11:54:50,814 - INFO - Analyse gestartet: Original_Signal
2025-08-23 11:54:51,185 - INFO - Peak gefunden bei t=1864.310s, Wert=2.986
2025-08-23 11:55:05,619 - INFO - Analyse gestartet: Original_Signal
2025-08-23 11:55:05,941 - INFO - Peak gefunden bei t=1864.310s, Wert=2.986
2025-08-23 11:56:00,673 - INFO - Datei erfolgreich geladen: C:/Users/rodi9/Dropbox/InstitutGR/HESS4MRA/Testing/Supercap Testing/Testing/Eaton/25F/C_A4_DUT2_V1_EATON_Testaufbau_25F_01-07-2025.csv
2025-08-23 11:56:00,677 - INFO - Analyse gestartet: Original_Signal
2025-08-23 11:56:00,783 - INFO - Peak gefunden bei t=1832.910s, Wert=2.987
2025-08-23 11:56:07,375 - INFO - Analyse gestartet: Original_Signal
2025-08-23 11:56:07,499 - INFO - Peak gefunden bei t=1832.910s, Wert=2.987
2025-08-23 12:04:49,244 - INFO - Datei erfolgreich geladen: C:/Users/rodi9/Dropbox/InstitutGR/HESS4MRA/Testing/Supercap Testing/Testing/Eaton/25F/ESR_A2_DUT1_V1_EATON_Testaufbau_25F_01-07-2025.csv
2025-08-23 12:04:49,247 - INFO - Analyse gestartet: Original_Signal
2025-08-23 12:04:49,580 - INFO - Peak gefunden bei t=1829.450s, Wert=2.988
2025-08-23 12:10:20,216 - INFO - Datei erfolgreich geladen: C:/Users/rodi9/Dropbox/InstitutGR/HESS4MRA/Testing/Supercap Testing/Testing/Eaton/25F/C_A2_DUT3_V1_Eaton_25F_06-08-2025.csv
2025-08-23 12:10:20,225 - INFO - Analyse gestartet: Original_Signal
2025-08-23 12:10:23,286 - INFO - Peak gefunden bei t=1838.600s, Wert=2.990
2025-08-23 13:58:24,626 - INFO - Datei erfolgreich geladen: C:/Users/rodi9/Dropbox/InstitutGR/HESS4MRA/Testing/Supercap Testing/Testing/Eaton/25F/C_B1_DUT2_V1_EATON_Testaufbau_25F_01-07-2025.csv
2025-08-23 13:58:24,628 - INFO - Analyse gestartet: Original_Signal
2025-08-23 13:58:24,706 - INFO - Peak gefunden bei t=340.720s, Wert=2.986
2025-08-23 13:58:24,716 - WARNING - Fehler beim ï¿½ffnen: DischargePlot.draw() got an unexpected keyword argument 'view' (File: ui, Line: 153, Function: on_open_file)
2025-08-23 14:04:21,599 - INFO - Datei erfolgreich geladen: C:/Users/rodi9/Dropbox/InstitutGR/HESS4MRA/Testing/Supercap Testing/Testing/Eaton/25F/C_A4_DUT2_V1_EATON_Testaufbau_25F_01-07-2025.csv
2025-08-23 14:04:21,603 - INFO - Analyse gestartet: Original_Signal
2025-08-23 14:04:21,758 - INFO - Peak gefunden bei t=1832.910s, Wert=2.987
2025-08-23 14:09:38,389 - INFO - Datei erfolgreich geladen: C:/Users/rodi9/Dropbox/InstitutGR/HESS4MRA/Testing/Supercap Testing/Testing/Eaton/25F/ESR_A2_DUT3_V1_EATON_Testaufbau_25F_01-07-2025.csv
2025-08-23 14:09:38,392 - INFO - Analyse gestartet: Original_Signal
2025-08-23 14:09:38,766 - INFO - Peak gefunden bei t=1864.310s, Wert=2.986
2025-08-23 14:12:40,698 - INFO - Datei erfolgreich geladen: C:/Users/rodi9/Dropbox/InstitutGR/HESS4MRA/Testing/Supercap Testing/Testing/Eaton/25F/C_A2_DUT1_V1_Eaton_25F_06-08-2025.csv
2025-08-23 14:12:40,715 - INFO - Analyse gestartet: Original_Signal
2025-08-23 14:12:44,061 - INFO - Peak gefunden bei t=1838.060s, Wert=2.989
2025-08-23 14:32:11,134 - INFO - Datei erfolgreich geladen: C:/Users/rodi9/Dropbox/InstitutGR/HESS4MRA/Testing/Supercap Testing/Testing/Eaton/25F/C_A2_DUT1_V1_Eaton_25F_06-08-2025.csv
2025-08-23 14:32:11,142 - INFO - Analyse gestartet: Original_Signal
2025-08-23 14:32:14,299 - INFO - Peak gefunden bei t=1837.580s, Wert=2.990
2025-08-23 14:33:06,744 - INFO - Datei erfolgreich geladen: C:/Users/rodi9/Dropbox/InstitutGR/HESS4MRA/Testing/Supercap Testing/Testing/Eaton/25F/C_A2_DUT1_V1_Eaton_25F_06-08-2025.csv
2025-08-23 14:33:06,752 - INFO - Analyse gestartet: Original_Signal
2025-08-23 14:33:09,529 - INFO - Peak gefunden bei t=1837.580s, Wert=2.990
2025-08-23 14:34:44,693 - INFO - Datei erfolgreich geladen: C:/Users/rodi9/Dropbox/InstitutGR/HESS4MRA/Testing/Supercap Testing/Testing/Eaton/25F/ESR_A4_DUT1_V1_EATON_Testaufbau_25F_01-07-2025.csv
2025-08-23 14:34:44,698 - INFO - Analyse gestartet: Original_Signal
2025-08-23 14:34:44,818 - INFO - Peak gefunden bei t=1830.790s, Wert=2.985
2025-08-23 14:40:59,547 - INFO - Datei erfolgreich geladen: C:/Users/rodi9/Dropbox/InstitutGR/HESS4MRA/Testing/Supercap Testing/Testing/Eaton/25F/ESR_A4_DUT1_V1_EATON_Testaufbau_25F_01-07-2025.csv
2025-08-23 14:40:59,566 - INFO - Analyse gestartet: Original_Signal
2025-08-23 14:40:59,789 - INFO - Peak gefunden bei t=1830.790s, Wert=2.985
2025-08-23 14:41:49,113 - INFO - Datei erfolgreich geladen: C:/Users/rodi9/Dropbox/InstitutGR/HESS4MRA/Testing/Supercap Testing/Testing/Eaton/25F/C_A2_DUT1_V1_Eaton_25F_06-08-2025.csv
2025-08-23 14:41:49,120 - INFO - Analyse gestartet: Original_Signal
2025-08-23 14:41:52,000 - INFO - Peak gefunden bei t=1836.360s, Wert=2.991
2025-08-23 14:42:10,114 - INFO - Datei erfolgreich geladen: C:/Users/rodi9/Dropbox/InstitutGR/HESS4MRA/Testing/Supercap Testing/Testing/Eaton/25F/C_B1_DUT2_V1_EATON_Testaufbau_25F_01-07-2025.csv
2025-08-23 14:42:10,116 - INFO - Analyse gestartet: Original_Signal
2025-08-23 14:42:10,193 - INFO - Peak gefunden bei t=340.720s, Wert=2.986
2025-08-23 14:43:23,181 - INFO - Datei erfolgreich geladen: C:/Users/rodi9/Dropbox/InstitutGR/HESS4MRA/Testing/Supercap Testing/Testing/Eaton/25F/C_A2_DUT3_V1_Eaton_25F_06-08-2025.csv
2025-08-23 14:43:23,189 - INFO - Analyse gestartet: Original_Signal
2025-08-23 14:43:26,086 - INFO - Peak gefunden bei t=1836.950s, Wert=2.993
2025-08-23 14:45:21,853 - INFO - Datei erfolgreich geladen: C:/Users/rodi9/Dropbox/InstitutGR/HESS4MRA/Testing/Supercap Testing/Testing/Eaton/25F/ESR_A2_DUT2_V1_EATON_Testaufbau_25F_01-07-2025.csv
2025-08-23 14:45:21,855 - INFO - Analyse gestartet: Original_Signal
2025-08-23 14:45:22,151 - INFO - Peak gefunden bei t=1813.220s, Wert=2.988
2025-08-23 14:45:49,533 - INFO - Datei erfolgreich geladen: C:/Users/rodi9/Dropbox/InstitutGR/HESS4MRA/Testing/Supercap Testing/Testing/Eaton/25F/ESR_A2_DUT2_V1_EATON_Testaufbau_25F_01-07-2025.csv
2025-08-23 14:45:49,547 - INFO - Analyse gestartet: Original_Signal
2025-08-23 14:45:49,858 - INFO - Peak gefunden bei t=1813.220s, Wert=2.988
2025-08-23 14:45:55,673 - INFO - Datei erfolgreich geladen: C:/Users/rodi9/Dropbox/InstitutGR/HESS4MRA/Testing/Supercap Testing/Testing/Eaton/25F/ESR_A2_DUT3_V1_EATON_Testaufbau_25F_01-07-2025.csv
2025-08-23 14:45:55,676 - INFO - Analyse gestartet: Original_Signal
2025-08-23 14:45:55,998 - INFO - Peak gefunden bei t=1864.310s, Wert=2.986
2025-08-23 14:46:00,215 - INFO - Datei erfolgreich geladen: C:/Users/rodi9/Dropbox/InstitutGR/HESS4MRA/Testing/Supercap Testing/Testing/Eaton/25F/ESR_A2_DUT2_V1_EATON_Testaufbau_25F_01-07-2025.csv
2025-08-23 14:46:00,217 - INFO - Analyse gestartet: Original_Signal
2025-08-23 14:46:00,541 - INFO - Peak gefunden bei t=1813.220s, Wert=2.988
2025-08-23 14:46:06,031 - INFO - Datei erfolgreich geladen: C:/Users/rodi9/Dropbox/InstitutGR/HESS4MRA/Testing/Supercap Testing/Testing/Eaton/25F/C_B1_DUT2_V1_EATON_Testaufbau_25F_01-07-2025.csv
2025-08-23 14:46:06,032 - INFO - Analyse gestartet: Original_Signal
2025-08-23 14:46:06,108 - INFO - Peak gefunden bei t=340.720s, Wert=2.986
2025-08-23 14:51:22,080 - INFO - Datei erfolgreich geladen: C:/Users/rodi9/Dropbox/InstitutGR/HESS4MRA/Testing/Supercap Testing/Testing/Eaton/25F/C_A2_DUT1_V1_Eaton_25F_06-08-2025.csv
2025-08-23 14:51:22,085 - INFO - Analyse gestartet: Original_Signal
2025-08-23 14:51:24,794 - INFO - Peak gefunden bei t=1836.360s, Wert=2.991
2025-08-23 15:03:01,955 - INFO - Datei erfolgreich geladen: C:/Users/rodi9/Dropbox/InstitutGR/HESS4MRA/Testing/Supercap Testing/Testing/Eaton/25F/ESR_A2_DUT2_V1_EATON_Testaufbau_25F_01-07-2025.csv
2025-08-23 15:03:01,957 - INFO - Analyse gestartet: Original_Signal
2025-08-23 15:03:02,272 - INFO - Peak gefunden bei t=1813.220s, Wert=2.988
2025-08-23 15:24:07,155 - INFO - Datei erfolgreich geladen: C:/Users/rodi9/Dropbox/InstitutGR/HESS4MRA/Testing/Supercap Testing/Testing/Eaton/25F/C_A4_DUT2_V1_EATON_Testaufbau_25F_01-07-2025.csv
2025-08-23 15:24:07,161 - INFO - Analyse gestartet: Original_Signal
2025-08-23 15:24:07,345 - INFO - Peak gefunden bei t=1832.910s, Wert=2.987
2025-08-23 15:26:06,372 - INFO - Datei erfolgreich geladen: C:/Users/rodi9/Dropbox/InstitutGR/HESS4MRA/Testing/Supercap Testing/Testing/Eaton/25F/C_A2_DUT1_V1_Eaton_25F_06-08-2025.csv
2025-08-23 15:26:06,380 - INFO - Analyse gestartet: Original_Signal
2025-08-23 15:26:09,794 - INFO - Peak gefunden bei t=1836.360s, Wert=2.991
2025-08-25 18:24:33,046 - INFO - Datei erfolgreich geladen: C:/Users/rodi9/Dropbox/InstitutGR/HESS4MRA/Testing/Supercap Testing/Testing/Eaton/25F/C_A4_DUT3_V1_EATON_Testaufbau_25F_01-07-2025.csv
2025-08-25 18:24:33,054 - INFO - Analyse gestartet: Original_Signal
2025-08-25 18:24:33,201 - INFO - Peak gefunden bei t=1849.960s, Wert=2.986
2025-08-25 18:24:48,336 - INFO - Datei erfolgreich geladen: C:/Users/rodi9/Dropbox/InstitutGR/HESS4MRA/Testing/Supercap Testing/Testing/Eaton/25F/C_A2_DUT2_V1_Eaton_25F_06-08-2025.csv
2025-08-25 18:24:48,343 - INFO - Analyse gestartet: Original_Signal
2025-08-25 18:24:51,255 - INFO - Peak gefunden bei t=1838.630s, Wert=2.988
2025-08-25 18:26:17,953 - INFO - Datei erfolgreich geladen: C:/Users/rodi9/Dropbox/InstitutGR/HESS4MRA/Testing/Supercap Testing/Testing/Eaton/25F/ESR_A4_DUT1_V1_EATON_Testaufbau_25F_01-07-2025.csv
2025-08-25 18:26:17,956 - INFO - Analyse gestartet: Original_Signal
2025-08-25 18:26:18,062 - INFO - Peak gefunden bei t=1830.790s, Wert=2.985
2025-08-25 19:22:05,798 - INFO - Datei erfolgreich geladen: C:/Users/rodi9/Dropbox/InstitutGR/HESS4MRA/Testing/Supercap Testing/Testing/Eaton/25F/C_A4_DUT2_V1_EATON_Testaufbau_25F_01-07-2025.csv
2025-08-25 19:22:05,802 - INFO - Analyse gestartet: Original_Signal
2025-08-25 19:22:05,975 - INFO - Peak gefunden bei t=1832.910s, Wert=2.987
2025-08-25 19:32:46,992 - INFO - Datei erfolgreich geladen: C:/Users/rodi9/Dropbox/InstitutGR/HESS4MRA/Testing/Supercap Testing/Testing/Eaton/25F/C_B1_DUT3_V1_EATON_Testaufbau_25F_01-07-2025.csv
2025-08-25 19:32:46,993 - INFO - Analyse gestartet: Original_Signal
2025-08-25 19:32:47,079 - INFO - Peak gefunden bei t=343.370s, Wert=2.986
2025-08-25 19:32:55,974 - INFO - Datei erfolgreich geladen: C:/Users/rodi9/Dropbox/InstitutGR/HESS4MRA/Testing/Supercap Testing/Testing/Eaton/25F/ESR_A4_DUT1_V1_EATON_Testaufbau_25F_01-07-2025.csv
2025-08-25 19:32:55,978 - INFO - Analyse gestartet: Original_Signal
2025-08-25 19:32:56,103 - INFO - Peak gefunden bei t=1830.790s, Wert=2.985
2025-08-25 19:33:01,991 - INFO - Datei erfolgreich geladen: C:/Users/rodi9/Dropbox/InstitutGR/HESS4MRA/Testing/Supercap Testing/Testing/Eaton/25F/C_A2_DUT2_V1_Eaton_25F_06-08-2025.csv
2025-08-25 19:33:01,997 - INFO - Analyse gestartet: Original_Signal
2025-08-25 19:33:04,934 - INFO - Peak gefunden bei t=1838.630s, Wert=2.988
2025-08-25 19:33:25,197 - INFO - Datei erfolgreich geladen: C:/Users/rodi9/Dropbox/InstitutGR/HESS4MRA/Testing/Supercap Testing/Testing/Eaton/25F/C_A2_DUT2_V1_Eaton_25F_06-08-2025.csv
2025-08-25 19:33:25,200 - INFO - Analyse gestartet: Original_Signal
2025-08-25 19:33:28,002 - INFO - Peak gefunden bei t=1838.630s, Wert=2.988
2025-08-25 19:35:47,402 - INFO - SignalData erfolgreich in C:/Users/rodi9/Dropbox/InstitutGR/HESS4MRA/Testing/Supercap Testing/Testing/Eaton/25F\cut_data\C_A2_DUT2_V1_Eaton_25F_cut.csv gespeichert.
2025-08-25 19:35:47,403 - INFO - Gespeichert: C:/Users/rodi9/Dropbox/InstitutGR/HESS4MRA/Testing/Supercap Testing/Testing/Eaton/25F\cut_data\C_A2_DUT2_V1_Eaton_25F_cut.csv
2025-08-25 19:36:36,143 - INFO - Datei erfolgreich geladen: C:/Users/rodi9/Dropbox/InstitutGR/HESS4MRA/Testing/Supercap Testing/Testing/Eaton/25F/ESR_A2_DUT2_V1_EATON_Testaufbau_25F_01-07-2025.csv
2025-08-25 19:36:36,145 - INFO - Analyse gestartet: Original_Signal
2025-08-25 19:36:36,462 - INFO - Peak gefunden bei t=1813.220s, Wert=2.988
2025-08-25 19:45:11,809 - INFO - Datei erfolgreich geladen: C:/Users/rodi9/Dropbox/InstitutGR/HESS4MRA/Testing/Supercap Testing/Testing/Eaton/25F/C_B1_DUT1_V1_EATON_Testaufbau_25F_01-07-2025.csv
2025-08-25 19:45:11,810 - INFO - Analyse gestartet: Original_Signal
2025-08-25 19:45:11,867 - INFO - Peak gefunden bei t=345.800s, Wert=2.988
2025-08-25 19:45:11,878 - INFO - Analyseergebnisse: {'holding_voltage': 2.990190746454666, 'approx_peak_time': 345.12790776630607, 'peak_time': 345.8, 'peak_value': 2.987758, 'peak_mean': 2.98880665926748, 'threshold': 0.0011465282060883117, 'U3': 0.07172866965699187, 'pre_peak_unloading_fit': array([-5.79737200e-05,  3.00854907e+00]), 'post_peak_unloading_fit': array([-8.15950853e-09,  1.14905351e-05, -5.05844693e-03,  2.50907737e-03,
        6.25410685e+02, -1.76203669e+05,  1.55081191e+07]), 'after_peak_signal': <signal_transformations.SignalData object at 0x000001C3DADF3010>, 'unloading_signal': <signal_transformations.SignalData object at 0x000001C3FBE5E510>, 'peak_detection_signal': <signal_transformations.SignalData object at 0x000001C3FABE9550>, 'outliers': [(np.float64(345.81), np.float64(2.987989)), (np.float64(345.81), np.float64(2.987989))], 'smoothed_derivative_signal': <signal_transformations.SignalData object at 0x000001C3FBE5D1D0>, 'relevant_time_window': (345.12790776630607, 346.47209223369396), 'file_name': 'Original_Signal', 'params_used': {'rated_voltage': 3.0, 'sampling_interval': 0.01, 'window_time': 10.0, 'std_factor': 3.0, 'derivative_smooth_n': 8, 'post_peak_cut_ratio': 0.4, 'unload_fit_order': 6, 'rated_fit_order': 1, 'holding_fit_order': 0, 'cutaway': 0.2, 'unloading_low_high': (0.6, 0.95), 'min_derivative_neg': -0.04}}
2025-08-25 19:47:45,824 - INFO - Datei erfolgreich geladen: C:/Users/rodi9/Dropbox/InstitutGR/HESS4MRA/Testing/Supercap Testing/Testing/Eaton/25F/ESR_A2_DUT2_V1_EATON_Testaufbau_25F_01-07-2025.csv
2025-08-25 19:47:45,828 - INFO - Analyse gestartet: Original_Signal
2025-08-25 19:47:46,179 - INFO - Peak gefunden bei t=1813.220s, Wert=2.988
2025-08-25 19:47:46,228 - INFO - Analyseergebnisse: {'holding_voltage': 2.9870533435924362, 'approx_peak_time': 1810.4662523706738, 'peak_time': 1813.22, 'peak_value': 2.988221, 'peak_mean': 2.9875022108768032, 'threshold': 0.0023106253576412866, 'U3': 0.007478292346082771, 'pre_peak_unloading_fit': array([-1.47802786e-05,  3.01422405e+00]), 'post_peak_unloading_fit': array([-1.70915554e-16,  1.34077175e-12, -3.31163255e-09,  1.77473120e-07,
        1.21617834e-02, -1.92627675e+01,  9.47953430e+03]), 'after_peak_signal': <signal_transformations.SignalData object at 0x00000255AF340210>, 'unloading_signal': <signal_transformations.SignalData object at 0x00000255AF353150>, 'peak_detection_signal': <signal_transformations.SignalData object at 0x00000255AF331ED0>, 'outliers': [(np.float64(1813.24), np.float64(2.985752)), (np.float64(1813.24), np.float64(2.985752)), (np.float64(1813.23), np.float64(2.986986))], 'smoothed_derivative_signal': <signal_transformations.SignalData object at 0x00000255B365C150>, 'relevant_time_window': (1810.4662523706738, 1815.9737476293262), 'file_name': 'Original_Signal', 'params_used': {'rated_voltage': 3.0, 'sampling_interval': 0.01, 'window_time': 10.0, 'std_factor': 3.0, 'derivative_smooth_n': 8, 'post_peak_cut_ratio': 0.4, 'unload_fit_order': 6, 'rated_fit_order': 1, 'holding_fit_order': 0, 'cutaway': 0.2, 'unloading_low_high': (0.6, 0.95), 'min_derivative_neg': -0.04}}
2025-08-25 19:48:23,968 - INFO - Analyse gestartet: Original_Signal
2025-08-25 19:48:24,287 - INFO - Peak gefunden bei t=1813.220s, Wert=2.988
2025-08-25 19:51:05,253 - INFO - Datei erfolgreich geladen: C:/Users/rodi9/Dropbox/InstitutGR/HESS4MRA/Testing/Supercap Testing/Testing/Eaton/25F/ESR_A2_DUT3_V1_EATON_Testaufbau_25F_01-07-2025.csv
2025-08-25 19:51:05,257 - INFO - Analyse gestartet: Original_Signal
2025-08-25 19:51:05,644 - INFO - Peak gefunden bei t=1864.310s, Wert=2.986
2025-08-25 19:51:05,672 - INFO - U3 Mean: 0.006 V
2025-08-25 19:51:05,778 - INFO - Analyseergebnisse: {'holding_voltage': 2.9867261881574896, 'approx_peak_time': 1861.8345470760366, 'peak_time': 1864.31, 'peak_value': 2.986137, 'peak_mean': 2.986247426193119, 'threshold': 0.002311331426868698, 'U3': 0.0059173261980878245, 'pre_peak_unloading_fit': array([-6.10139164e-05,  3.09958810e+00]), 'post_peak_unloading_fit': array([-8.14141908e-17,  6.65641270e-13, -1.71912088e-09,  1.39263848e-07,
        6.70434273e-03, -1.11074743e+01,  5.70093541e+03]), 'after_peak_signal': <signal_transformations.SignalData object at 0x000002B4B1339610>, 'unloading_signal': <signal_transformations.SignalData object at 0x000002B4B1354E50>, 'peak_detection_signal': <signal_transformations.SignalData object at 0x000002B491FA65D0>, 'outliers': [(np.float64(1864.33), np.float64(2.984054)), (np.float64(1864.33), np.float64(2.984054)), (np.float64(1864.32), np.float64(2.987372))], 'smoothed_derivative_signal': <signal_transformations.SignalData object at 0x000002B4BD0D6910>, 'relevant_time_window': (1861.8345470760366, 1866.7854529239632), 'file_name': 'Original_Signal', 'params_used': {'rated_voltage': 3.0, 'sampling_interval': 0.01, 'window_time': 10.0, 'std_factor': 3.0, 'derivative_smooth_n': 8, 'post_peak_cut_ratio': 0.4, 'unload_fit_order': 6, 'rated_fit_order': 1, 'holding_fit_order': 0, 'cutaway': 0.2, 'unloading_low_high': (0.6, 0.95), 'min_derivative_neg': -0.04}}
2025-08-25 19:53:12,280 - INFO - Datei erfolgreich geladen: C:/Users/rodi9/Dropbox/InstitutGR/HESS4MRA/Testing/Supercap Testing/Testing/Eaton/25F/ESR_A4_DUT1_V1_EATON_Testaufbau_25F_01-07-2025.csv
2025-08-25 19:53:12,284 - INFO - Analyse gestartet: Original_Signal
2025-08-25 19:53:12,435 - INFO - Peak gefunden bei t=1830.790s, Wert=2.985
2025-08-25 19:56:11,256 - INFO - Datei erfolgreich geladen: C:/Users/rodi9/Dropbox/InstitutGR/HESS4MRA/Testing/Supercap Testing/Testing/Eaton/25F/ESR_A4_DUT1_V1_EATON_Testaufbau_25F_01-07-2025.csv
2025-08-25 19:56:11,263 - INFO - Analyse gestartet: Original_Signal
2025-08-25 19:56:11,484 - INFO - Peak gefunden bei t=1830.790s, Wert=2.985
2025-08-25 19:56:11,536 - WARNING - Fehler beim ï¿½ffnen: 'Logger' object has no attribute 'debu' (File: ui, Line: 217, Function: on_open_file)
2025-08-25 19:58:52,403 - INFO - Datei erfolgreich geladen: C:/Users/rodi9/Dropbox/InstitutGR/HESS4MRA/Testing/Supercap Testing/Testing/Eaton/25F/ESR_A2_DUT2_V1_EATON_Testaufbau_25F_01-07-2025.csv
2025-08-25 19:58:52,410 - INFO - Analyse gestartet: Original_Signal
2025-08-25 19:58:52,786 - INFO - Peak gefunden bei t=1813.220s, Wert=2.988
2025-08-25 20:01:22,826 - INFO - Datei erfolgreich geladen: C:/Users/rodi9/Dropbox/InstitutGR/HESS4MRA/Testing/Supercap Testing/Testing/Eaton/25F/C_A4_DUT3_V1_EATON_Testaufbau_25F_01-07-2025.csv
2025-08-25 20:01:22,832 - INFO - Analyse gestartet: Original_Signal
2025-08-25 20:01:22,984 - INFO - Peak gefunden bei t=1849.960s, Wert=2.986
2025-08-25 20:07:59,754 - INFO - Datei erfolgreich geladen: C:/Users/rodi9/Dropbox/InstitutGR/HESS4MRA/Testing/Supercap Testing/Testing/Eaton/25F/C_B1_DUT3_V1_EATON_Testaufbau_25F_01-07-2025.csv
2025-08-25 20:07:59,756 - INFO - Analyse gestartet: Original_Signal
2025-08-25 20:07:59,830 - INFO - Peak gefunden bei t=343.370s, Wert=2.986
2025-08-25 20:08:20,550 - INFO - Datei erfolgreich geladen: C:/Users/rodi9/Dropbox/InstitutGR/HESS4MRA/Testing/Supercap Testing/Testing/Eaton/25F/C_A2_DUT3_V1_Eaton_25F_06-08-2025.csv
2025-08-25 20:08:20,560 - INFO - Analyse gestartet: Original_Signal
2025-08-25 20:08:23,472 - INFO - Peak gefunden bei t=1836.950s, Wert=2.993
2025-08-25 20:10:02,704 - INFO - Datei erfolgreich geladen: C:/Users/rodi9/Dropbox/InstitutGR/HESS4MRA/Testing/Supercap Testing/Testing/Eaton/25F/C_A4_DUT2_V1_EATON_Testaufbau_25F_01-07-2025.csv
2025-08-25 20:10:02,708 - INFO - Analyse gestartet: Original_Signal
2025-08-25 20:10:02,863 - INFO - Peak gefunden bei t=1832.910s, Wert=2.987
2025-08-25 20:10:56,554 - INFO - Datei erfolgreich geladen: C:/Users/rodi9/Dropbox/InstitutGR/HESS4MRA/Testing/Supercap Testing/Testing/Eaton/25F/C_A2_DUT1_V1_Eaton_25F_06-08-2025.csv
2025-08-25 20:10:56,561 - INFO - Analyse gestartet: Original_Signal
2025-08-25 20:10:59,438 - INFO - Peak gefunden bei t=1836.360s, Wert=2.991
2025-08-25 20:31:35,735 - INFO - Datei erfolgreich geladen: C:/Users/rodi9/Dropbox/InstitutGR/HESS4MRA/Testing/Supercap Testing/Testing/Eaton/25F/C_A4_DUT1_V1_EATON_Testaufbau_25F_01-07-2025.csv
2025-08-25 20:31:35,740 - INFO - Analyse gestartet: Original_Signal
2025-08-25 20:31:35,942 - INFO - Peak gefunden bei t=1832.840s, Wert=2.986
2025-08-25 20:31:50,444 - INFO - Datei erfolgreich geladen: C:/Users/rodi9/Dropbox/InstitutGR/HESS4MRA/Testing/Supercap Testing/Testing/Eaton/25F/ESR_A2_DUT3_V1_EATON_Testaufbau_25F_01-07-2025.csv
2025-08-25 20:31:50,448 - INFO - Analyse gestartet: Original_Signal
2025-08-25 20:31:50,800 - INFO - Peak gefunden bei t=1864.310s, Wert=2.986
2025-08-26 11:20:48,126 - INFO - Datei erfolgreich geladen: C:/Users/rodi9/Dropbox/InstitutGR/HESS4MRA/Testing/Supercap Testing/Testing/Eaton/25F/C_B1_DUT1_V1_EATON_Testaufbau_25F_01-07-2025.csv
2025-08-26 11:20:48,129 - INFO - Analyse gestartet: Original_Signal
2025-08-26 11:20:48,194 - INFO - Peak gefunden bei t=345.800s, Wert=2.988
2025-08-26 11:20:59,124 - INFO - Datei erfolgreich geladen: C:/Users/rodi9/Dropbox/InstitutGR/HESS4MRA/Testing/Supercap Testing/Testing/Eaton/25F/C_A4_DUT2_V1_EATON_Testaufbau_25F_01-07-2025.csv
2025-08-26 11:20:59,127 - INFO - Analyse gestartet: Original_Signal
2025-08-26 11:20:59,279 - INFO - Peak gefunden bei t=1832.910s, Wert=2.987
2025-08-26 11:34:59,461 - INFO - Datei erfolgreich geladen: C:/Users/rodi9/Dropbox/InstitutGR/HESS4MRA/Testing/Supercap Testing/Testing/Eaton/25F/C_A4_DUT2_V1_EATON_Testaufbau_25F_01-07-2025.csv
2025-08-26 11:34:59,466 - INFO - Analyse gestartet: Original_Signal
2025-08-26 11:34:59,633 - INFO - Peak gefunden bei t=1832.910s, Wert=2.987
2025-08-26 12:07:33,947 - INFO - Datei erfolgreich geladen: C:/Users/rodi9/Dropbox/InstitutGR/HESS4MRA/Testing/Supercap Testing/Testing/Eaton/25F/C_A4_DUT2_V1_EATON_Testaufbau_25F_01-07-2025.csv
2025-08-26 12:07:33,951 - INFO - Analyse gestartet: Original_Signal
2025-08-26 12:07:34,106 - INFO - Peak gefunden bei t=1832.910s, Wert=2.987
2025-08-26 12:09:18,464 - INFO - Analyse gestartet: Original_Signal
2025-08-26 12:09:18,624 - INFO - Peak gefunden bei t=1832.910s, Wert=2.987
2025-08-26 12:09:18,649 - WARNING - Neu-Analyse nach Param-Update fehlgeschlagen: window must be an integer 0 or greater (File: ui, Line: 240, Function: on_open_params)
2025-08-26 12:09:37,189 - INFO - Analyse gestartet: Original_Signal
2025-08-26 12:09:37,332 - INFO - Peak gefunden bei t=1832.910s, Wert=2.987
2025-08-26 12:09:37,357 - WARNING - Neu-Analyse nach Param-Update fehlgeschlagen: window must be an integer 0 or greater (File: ui, Line: 240, Function: on_open_params)
2025-08-26 12:21:12,987 - INFO - Analyse gestartet: Original_Signal
2025-08-26 12:21:13,131 - INFO - Peak gefunden bei t=1832.910s, Wert=2.987
2025-08-26 12:21:13,156 - WARNING - Neu-Analyse nach Param-Update fehlgeschlagen: window must be an integer 0 or greater (File: ui, Line: 240, Function: on_open_params)
2025-08-26 12:24:02,568 - INFO - Datei erfolgreich geladen: C:/Users/rodi9/Dropbox/InstitutGR/HESS4MRA/Testing/Supercap Testing/Testing/Eaton/25F/C_A4_DUT3_V1_EATON_Testaufbau_25F_01-07-2025.csv
2025-08-26 12:24:02,571 - INFO - Analyse gestartet: Original_Signal
2025-08-26 12:24:02,688 - INFO - Peak gefunden bei t=1849.960s, Wert=2.986
2025-08-26 12:24:07,036 - INFO - Datei erfolgreich geladen: C:/Users/rodi9/Dropbox/InstitutGR/HESS4MRA/Testing/Supercap Testing/Testing/Eaton/25F/C_A2_DUT1_V1_Eaton_25F_06-08-2025.csv
2025-08-26 12:24:07,042 - INFO - Analyse gestartet: Original_Signal
2025-08-26 12:24:09,889 - INFO - Peak gefunden bei t=1836.360s, Wert=2.991
2025-08-26 12:24:25,886 - INFO - Analyse gestartet: Original_Signal
2025-08-26 12:24:28,713 - INFO - Peak gefunden bei t=1836.360s, Wert=2.991
2025-08-26 12:24:48,202 - INFO - Analyse gestartet: Original_Signal
2025-08-26 12:24:51,044 - INFO - Peak gefunden bei t=1836.360s, Wert=2.991
2025-08-26 12:25:19,535 - INFO - Analyse gestartet: Original_Signal
2025-08-26 12:25:22,313 - INFO - Peak gefunden bei t=1841.850s, Wert=2.985
2025-08-26 12:25:48,930 - INFO - Analyse gestartet: Original_Signal
2025-08-26 12:25:51,788 - INFO - Peak gefunden bei t=1841.460s, Wert=2.986
2025-08-26 12:26:15,380 - INFO - Analyse gestartet: Original_Signal
2025-08-26 12:26:18,126 - INFO - Peak gefunden bei t=1854.290s, Wert=2.972
2025-08-26 12:26:31,284 - INFO - Analyse gestartet: Original_Signal
2025-08-26 12:26:34,088 - INFO - Peak gefunden bei t=1854.290s, Wert=2.972
2025-08-26 12:27:43,260 - INFO - Analyse gestartet: Original_Signal
2025-08-26 12:27:46,044 - INFO - Peak gefunden bei t=1854.290s, Wert=2.972
2025-08-26 12:27:56,511 - INFO - Analyse gestartet: Original_Signal
2025-08-26 12:27:59,308 - INFO - Peak gefunden bei t=1854.290s, Wert=2.972
2025-08-26 12:28:13,005 - INFO - Analyse gestartet: Original_Signal
2025-08-26 12:28:15,819 - INFO - Peak gefunden bei t=1854.700s, Wert=2.972
2025-08-26 12:28:26,984 - INFO - Analyse gestartet: Original_Signal
2025-08-26 12:28:29,767 - INFO - Peak gefunden bei t=1854.700s, Wert=2.972
2025-08-26 12:58:38,524 - INFO - Analyse gestartet: Original_Signal
2025-08-26 12:58:41,399 - INFO - Peak gefunden bei t=1854.700s, Wert=2.972
2025-08-26 13:00:25,544 - INFO - Analyse gestartet: Original_Signal
2025-08-26 13:00:28,388 - INFO - Peak gefunden bei t=1836.360s, Wert=2.991
2025-08-26 13:01:10,096 - INFO - Analyse gestartet: Original_Signal
2025-08-26 13:01:13,303 - INFO - Peak gefunden bei t=1836.360s, Wert=2.991
2025-08-26 13:03:09,774 - INFO - Analyse gestartet: Original_Signal
2025-08-26 13:03:12,745 - INFO - Peak gefunden bei t=1836.360s, Wert=2.991
2025-08-26 13:07:25,668 - INFO - Datei erfolgreich geladen: C:/Users/rodi9/Dropbox/InstitutGR/HESS4MRA/Testing/Supercap Testing/Testing/Eaton/25F/ESR_A4_DUT1_V1_EATON_Testaufbau_25F_01-07-2025.csv
2025-08-26 13:07:25,670 - INFO - Analyse gestartet: Original_Signal
2025-08-26 13:07:25,762 - INFO - Peak gefunden bei t=1830.790s, Wert=2.985
2025-08-26 14:29:53,922 - INFO - Analyse gestartet: Original_Signal
2025-08-26 14:29:54,012 - INFO - Peak gefunden bei t=1830.790s, Wert=2.985
2025-08-26 15:03:50,864 - INFO - Datei erfolgreich geladen: C:/Users/rodi9/Dropbox/InstitutGR/HESS4MRA/Testing/Supercap Testing/Testing/Eaton/25F/C_B1_DUT1_V1_EATON_Testaufbau_25F_01-07-2025.csv
2025-08-26 15:03:50,865 - INFO - Analyse gestartet: Original_Signal
2025-08-26 15:03:50,922 - INFO - Peak gefunden bei t=345.800s, Wert=2.988
2025-08-26 15:03:50,926 - WARNING - Warnung: Keine Datenpunkte wurden durch r< 2.8383700999999997 entfernt. (File: signal_transformations, Line: 221, Function: cut_by_value)
2025-08-26 15:04:06,387 - INFO - Analyse gestartet: Original_Signal
2025-08-26 15:04:06,399 - WARNING - Neu-Analyse nach Param-Update fehlgeschlagen: expected non-empty vector for x (File: ui, Line: 240, Function: on_open_params)
2025-08-26 15:04:13,440 - INFO - Analyse gestartet: Original_Signal
2025-08-26 15:04:13,451 - WARNING - Neu-Analyse nach Param-Update fehlgeschlagen: expected non-empty vector for x (File: ui, Line: 240, Function: on_open_params)
2025-08-26 15:04:29,531 - INFO - Analyse gestartet: Original_Signal
2025-08-26 15:04:29,544 - WARNING - Neu-Analyse nach Param-Update fehlgeschlagen: expected non-empty vector for x (File: ui, Line: 240, Function: on_open_params)
2025-08-26 15:05:04,625 - WARNING - Warnung: Keine Datenpunkte wurden durch r< 2.9581091099999997 entfernt. (File: signal_transformations, Line: 221, Function: cut_by_value)
2025-08-26 15:05:13,847 - INFO - Analyse gestartet: Original_Signal
2025-08-26 15:05:13,901 - INFO - Peak gefunden bei t=345.800s, Wert=2.988
2025-08-26 15:05:13,906 - WARNING - Warnung: Keine Datenpunkte wurden durch r< 2.8383700999999997 entfernt. (File: signal_transformations, Line: 221, Function: cut_by_value)
2025-08-26 15:05:23,938 - WARNING - Warnung: Keine Datenpunkte wurden durch r< 2.8383700999999997 entfernt. (File: signal_transformations, Line: 221, Function: cut_by_value)
2025-08-26 15:05:25,133 - INFO - Analyse gestartet: Original_Signal
2025-08-26 15:05:25,193 - INFO - Peak gefunden bei t=345.800s, Wert=2.988
2025-08-26 15:05:25,197 - WARNING - Warnung: Keine Datenpunkte wurden durch r< 2.8383700999999997 entfernt. (File: signal_transformations, Line: 221, Function: cut_by_value)
2025-08-26 15:05:37,886 - INFO - Analyse gestartet: Original_Signal
2025-08-26 15:05:37,939 - INFO - Peak gefunden bei t=345.800s, Wert=2.988
2025-08-26 15:05:37,942 - WARNING - Warnung: Keine Datenpunkte wurden durch r< 2.0914306 entfernt. (File: signal_transformations, Line: 221, Function: cut_by_value)
2025-08-26 15:05:54,294 - INFO - Analyse gestartet: Original_Signal
2025-08-26 15:05:54,344 - INFO - Peak gefunden bei t=345.800s, Wert=2.988
2025-08-26 15:05:54,348 - WARNING - Warnung: Keine Datenpunkte wurden durch r< 2.0914306 entfernt. (File: signal_transformations, Line: 221, Function: cut_by_value)
2025-08-26 15:06:16,043 - WARNING - Warnung: Keine Datenpunkte wurden durch r< 2.0915923 entfernt. (File: signal_transformations, Line: 221, Function: cut_by_value)
2025-08-26 15:07:45,164 - INFO - Analyse gestartet: Original_Signal
2025-08-26 15:07:45,182 - WARNING - Neu-Analyse nach Param-Update fehlgeschlagen: expected non-empty vector for x (File: ui, Line: 240, Function: on_open_params)
2025-08-26 15:07:55,457 - INFO - Analyse gestartet: Original_Signal
2025-08-26 15:07:55,508 - INFO - Peak gefunden bei t=345.800s, Wert=2.988
2025-08-26 15:07:55,513 - WARNING - Warnung: Keine Datenpunkte wurden durch r< 2.0914306 entfernt. (File: signal_transformations, Line: 221, Function: cut_by_value)
2025-08-26 15:27:51,905 - INFO - Datei erfolgreich geladen: C:/Users/rodi9/Dropbox/InstitutGR/HESS4MRA/Testing/Supercap Testing/Testing/Eaton/25F/C_A4_DUT1_V1_EATON_Testaufbau_25F_01-07-2025.csv
2025-08-26 15:27:51,909 - INFO - Analyse gestartet: Original_Signal
2025-08-26 15:27:52,061 - INFO - Peak gefunden bei t=1832.840s, Wert=2.986
2025-08-26 15:27:52,068 - WARNING - Warnung: Keine Datenpunkte wurden durch r< 2.8365375499999996 entfernt. (File: signal_transformations, Line: 221, Function: cut_by_value)
2025-08-26 15:27:56,401 - WARNING - Warnung: Keine Datenpunkte wurden durch r< 2.837783 entfernt. (File: signal_transformations, Line: 221, Function: cut_by_value)
2025-08-26 15:27:58,600 - WARNING - Warnung: Keine Datenpunkte wurden durch r< 2.8365375499999996 entfernt. (File: signal_transformations, Line: 221, Function: cut_by_value)
2025-08-26 15:30:38,515 - CRITICAL - Unbehandelte Ausnahme (File: log, Line: 22, Function: handle_exception)
Traceback (most recent call last):
  File "c:\Users\rodi9\Dropbox\InstitutGR\HESS4MRA\Testing\CapMeasurementSystem\main.py", line 2, in <module>
    from ui import run_app
  File "c:\Users\rodi9\Dropbox\InstitutGR\HESS4MRA\Testing\CapMeasurementSystem\ui.py", line 18, in <module>
    from analysis_param_management import (
ImportError: cannot import name 'DEFAULT_YAML_PATH' from 'analysis_param_management' (c:\Users\rodi9\Dropbox\InstitutGR\HESS4MRA\Testing\CapMeasurementSystem\analysis_param_management.py)
2025-08-26 15:34:43,167 - CRITICAL - Unbehandelte Ausnahme (File: log, Line: 22, Function: handle_exception)
Traceback (most recent call last):
  File "c:\Users\rodi9\Dropbox\InstitutGR\HESS4MRA\Testing\CapMeasurementSystem\main.py", line 2, in <module>
    from ui import run_app
  File "c:\Users\rodi9\Dropbox\InstitutGR\HESS4MRA\Testing\CapMeasurementSystem\ui.py", line 18, in <module>
    from analysis_param_management import (
ImportError: cannot import name 'DEFAULT_YAML_PATH' from 'analysis_param_management' (c:\Users\rodi9\Dropbox\InstitutGR\HESS4MRA\Testing\CapMeasurementSystem\analysis_param_management.py)
2025-08-26 15:34:48,452 - CRITICAL - Unbehandelte Ausnahme (File: log, Line: 22, Function: handle_exception)
Traceback (most recent call last):
  File "c:\Users\rodi9\Dropbox\InstitutGR\HESS4MRA\Testing\CapMeasurementSystem\main.py", line 2, in <module>
    from ui import run_app
  File "c:\Users\rodi9\Dropbox\InstitutGR\HESS4MRA\Testing\CapMeasurementSystem\ui.py", line 18, in <module>
    from analysis_param_management import (
ImportError: cannot import name 'DEFAULT_YAML_PATH' from 'analysis_param_management' (c:\Users\rodi9\Dropbox\InstitutGR\HESS4MRA\Testing\CapMeasurementSystem\analysis_param_management.py)
2025-08-26 15:42:36,718 - INFO - Datei erfolgreich geladen: C:/Users/rodi9/Dropbox/InstitutGR/HESS4MRA/Testing/Supercap Testing/Testing/Eaton/25F/C_A2_DUT1_V1_Eaton_25F_06-08-2025.csv
2025-08-26 15:42:36,725 - INFO - Analyse gestartet: Original_Signal
2025-08-26 15:42:39,706 - INFO - Peak gefunden bei t=1836.360s, Wert=2.991
2025-08-26 15:42:39,751 - WARNING - Warnung: Keine Datenpunkte wurden durch r< 2.8413018 entfernt. (File: signal_transformations, Line: 221, Function: cut_by_value)
2025-08-26 15:48:00,626 - INFO - Datei erfolgreich geladen: C:/Users/rodi9/Dropbox/InstitutGR/HESS4MRA/Testing/Supercap Testing/Testing/Eaton/25F/C_A4_DUT3_V1_EATON_Testaufbau_25F_01-07-2025.csv
2025-08-26 15:48:00,629 - INFO - Analyse gestartet: Original_Signal
2025-08-26 15:48:00,753 - INFO - Peak gefunden bei t=1849.960s, Wert=2.986
2025-08-26 15:48:00,758 - WARNING - Warnung: Keine Datenpunkte wurden durch r< 2.8369033 entfernt. (File: signal_transformations, Line: 221, Function: cut_by_value)
2025-08-26 15:48:16,943 - INFO - Analyse gestartet: Original_Signal
2025-08-26 15:48:17,087 - INFO - Peak gefunden bei t=1849.960s, Wert=2.986
2025-08-26 15:48:17,098 - WARNING - Warnung: Keine Datenpunkte wurden durch r< 2.0903498 entfernt. (File: signal_transformations, Line: 221, Function: cut_by_value)
2025-08-26 15:48:41,570 - INFO - Analyse gestartet: Original_Signal
2025-08-26 15:48:41,699 - INFO - Peak gefunden bei t=1849.960s, Wert=2.986
2025-08-26 15:48:41,709 - WARNING - Warnung: Keine Datenpunkte wurden durch r< 2.6875926 entfernt. (File: signal_transformations, Line: 221, Function: cut_by_value)
2025-08-26 15:49:02,490 - WARNING - Warnung: Keine Datenpunkte wurden durch r< 2.6866206 entfernt. (File: signal_transformations, Line: 221, Function: cut_by_value)
2025-08-26 15:49:10,277 - WARNING - Warnung: Keine Datenpunkte wurden durch r< 2.6875926 entfernt. (File: signal_transformations, Line: 221, Function: cut_by_value)
2025-08-26 15:49:28,709 - INFO - Analyse gestartet: Original_Signal
2025-08-26 15:49:28,837 - INFO - Peak gefunden bei t=1849.960s, Wert=2.986
2025-08-26 15:49:28,846 - WARNING - Warnung: Keine Datenpunkte wurden durch r< 2.6875926 entfernt. (File: signal_transformations, Line: 221, Function: cut_by_value)
2025-08-26 15:49:34,420 - INFO - Analyse gestartet: Original_Signal
2025-08-26 15:49:34,528 - INFO - Peak gefunden bei t=1849.960s, Wert=2.986
2025-08-26 15:49:34,540 - WARNING - Warnung: Keine Datenpunkte wurden durch r< 2.6875926 entfernt. (File: signal_transformations, Line: 221, Function: cut_by_value)
2025-08-26 15:49:40,598 - INFO - Datei erfolgreich geladen: C:/Users/rodi9/Dropbox/InstitutGR/HESS4MRA/Testing/Supercap Testing/Testing/Eaton/25F/C_A2_DUT1_V1_Eaton_25F_06-08-2025.csv
2025-08-26 15:49:40,604 - INFO - Analyse gestartet: Original_Signal
2025-08-26 15:49:40,826 - INFO - Peak gefunden bei t=4973.680s, Wert=0.001
2025-08-26 15:49:40,834 - WARNING - Warnung: Keine Datenpunkte wurden durch r> 0.00027 entfernt. (File: signal_transformations, Line: 211, Function: cut_by_value)
2025-08-26 15:49:40,857 - WARNING - Fehler beim ï¿½ffnen: index 0 is out of bounds for axis 0 with size 0 (File: ui, Line: 272, Function: on_open_file)
2025-08-26 15:50:02,737 - INFO - Analyse gestartet: Original_Signal
2025-08-26 15:50:02,905 - INFO - Peak gefunden bei t=4973.680s, Wert=0.001
2025-08-26 15:50:02,913 - WARNING - Warnung: Keine Datenpunkte wurden durch r> 0.00027 entfernt. (File: signal_transformations, Line: 211, Function: cut_by_value)
2025-08-26 15:50:02,924 - WARNING - Neu-Analyse nach Param-Update fehlgeschlagen: index 0 is out of bounds for axis 0 with size 0 (File: ui, Line: 240, Function: on_open_params)
2025-08-26 15:50:17,706 - INFO - Analyse gestartet: Original_Signal
2025-08-26 15:50:20,500 - INFO - Peak gefunden bei t=1835.440s, Wert=2.992
2025-08-26 15:50:20,534 - WARNING - Warnung: Keine Datenpunkte wurden durch r< 2.3934776 entfernt. (File: signal_transformations, Line: 221, Function: cut_by_value)
2025-08-26 15:50:57,890 - INFO - Datei erfolgreich geladen: C:/Users/rodi9/Dropbox/InstitutGR/HESS4MRA/Testing/Supercap Testing/Testing/Eaton/25F/ESR_A4_DUT1_V1_EATON_Testaufbau_25F_01-07-2025.csv
2025-08-26 15:50:57,892 - INFO - Analyse gestartet: Original_Signal
2025-08-26 15:50:57,989 - INFO - Peak gefunden bei t=1830.790s, Wert=2.985
2025-08-26 15:50:57,995 - WARNING - Warnung: Keine Datenpunkte wurden durch r< 2.3880456 entfernt. (File: signal_transformations, Line: 221, Function: cut_by_value)
2025-08-26 15:51:15,797 - INFO - Analyse gestartet: Original_Signal
2025-08-26 15:51:15,884 - INFO - Peak gefunden bei t=1830.790s, Wert=2.985
2025-08-26 15:51:15,889 - WARNING - Warnung: Keine Datenpunkte wurden durch r< 2.0895398999999997 entfernt. (File: signal_transformations, Line: 221, Function: cut_by_value)
2025-08-26 15:51:30,967 - INFO - Analyse gestartet: Original_Signal
2025-08-26 15:51:31,059 - INFO - Peak gefunden bei t=1830.790s, Wert=2.985
2025-08-26 15:51:31,064 - WARNING - Warnung: Keine Datenpunkte wurden durch r< 2.3880456 entfernt. (File: signal_transformations, Line: 221, Function: cut_by_value)
2025-08-26 15:51:48,423 - INFO - Analyse gestartet: Original_Signal
2025-08-26 15:51:48,537 - INFO - Peak gefunden bei t=1830.790s, Wert=2.985
2025-08-26 15:51:48,545 - WARNING - Warnung: Keine Datenpunkte wurden durch r< 2.3880456 entfernt. (File: signal_transformations, Line: 221, Function: cut_by_value)
2025-08-26 15:51:55,584 - WARNING - Warnung: Keine Datenpunkte wurden durch r< 2.3880456 entfernt. (File: signal_transformations, Line: 221, Function: cut_by_value)
2025-08-26 15:52:19,912 - INFO - Analyse gestartet: Original_Signal
2025-08-26 15:52:20,013 - INFO - Peak gefunden bei t=1830.790s, Wert=2.985
2025-08-26 15:52:20,019 - WARNING - Warnung: Keine Datenpunkte wurden durch r< 2.3880456 entfernt. (File: signal_transformations, Line: 221, Function: cut_by_value)
2025-08-26 15:52:27,032 - INFO - Analyse gestartet: Original_Signal
2025-08-26 15:52:27,133 - INFO - Peak gefunden bei t=1830.790s, Wert=2.985
2025-08-26 15:52:27,141 - WARNING - Warnung: Keine Datenpunkte wurden durch r< 2.3880456 entfernt. (File: signal_transformations, Line: 221, Function: cut_by_value)
2025-08-26 15:52:40,874 - INFO - Analyse gestartet: Original_Signal
2025-08-26 15:52:40,970 - INFO - Peak gefunden bei t=1830.790s, Wert=2.985
2025-08-26 15:52:40,975 - WARNING - Warnung: Keine Datenpunkte wurden durch r< 2.3880456 entfernt. (File: signal_transformations, Line: 221, Function: cut_by_value)
2025-08-26 15:52:59,004 - INFO - Analyse gestartet: Original_Signal
2025-08-26 15:52:59,101 - INFO - Peak gefunden bei t=1830.790s, Wert=2.985
2025-08-26 15:52:59,109 - WARNING - Warnung: Keine Datenpunkte wurden durch r< 2.6865513 entfernt. (File: signal_transformations, Line: 221, Function: cut_by_value)
2025-08-26 15:53:11,155 - INFO - Analyse gestartet: Original_Signal
2025-08-26 15:53:11,247 - INFO - Peak gefunden bei t=1830.790s, Wert=2.985
2025-08-26 15:53:11,252 - WARNING - Warnung: Keine Datenpunkte wurden durch r< 2.8358041499999995 entfernt. (File: signal_transformations, Line: 221, Function: cut_by_value)
2025-08-26 15:53:25,357 - INFO - Analyse gestartet: Original_Signal
2025-08-26 15:53:25,468 - INFO - Peak gefunden bei t=1830.790s, Wert=2.985
2025-08-26 15:53:25,475 - WARNING - Warnung: Keine Datenpunkte wurden durch r< 2.8358041499999995 entfernt. (File: signal_transformations, Line: 221, Function: cut_by_value)
2025-08-26 15:53:53,410 - INFO - Analyse gestartet: Original_Signal
2025-08-26 15:53:53,527 - INFO - Peak gefunden bei t=1830.790s, Wert=2.985
2025-08-26 15:53:53,536 - WARNING - Warnung: Keine Datenpunkte wurden durch r< 2.8358041499999995 entfernt. (File: signal_transformations, Line: 221, Function: cut_by_value)
2025-08-26 15:53:59,652 - INFO - Analyse gestartet: Original_Signal
2025-08-26 15:53:59,781 - INFO - Peak gefunden bei t=1830.790s, Wert=2.985
2025-08-26 15:53:59,793 - WARNING - Warnung: Keine Datenpunkte wurden durch r< 2.8358041499999995 entfernt. (File: signal_transformations, Line: 221, Function: cut_by_value)
2025-08-26 15:54:15,485 - INFO - Analyse gestartet: Original_Signal
2025-08-26 15:54:15,584 - INFO - Peak gefunden bei t=1830.790s, Wert=2.985
2025-08-26 15:54:15,594 - WARNING - Warnung: Keine Datenpunkte wurden durch r< 1.7910342 entfernt. (File: signal_transformations, Line: 221, Function: cut_by_value)
2025-08-26 15:55:11,962 - INFO - Analyse gestartet: Original_Signal
2025-08-26 15:55:12,074 - INFO - Peak gefunden bei t=1830.790s, Wert=2.985
2025-08-26 15:55:12,081 - WARNING - Warnung: Keine Datenpunkte wurden durch r< 1.7910342 entfernt. (File: signal_transformations, Line: 221, Function: cut_by_value)
2025-08-26 15:55:30,839 - INFO - Analyse gestartet: Original_Signal
2025-08-26 15:55:30,945 - INFO - Peak gefunden bei t=1830.790s, Wert=2.985
2025-08-26 15:55:30,951 - WARNING - Warnung: Keine Datenpunkte wurden durch r< 2.6865513 entfernt. (File: signal_transformations, Line: 221, Function: cut_by_value)
2025-08-26 15:57:00,227 - INFO - Analyse gestartet: Original_Signal
2025-08-26 15:57:00,334 - INFO - Peak gefunden bei t=1830.790s, Wert=2.985
2025-08-26 15:57:00,343 - WARNING - Warnung: Keine Datenpunkte wurden durch r< 2.6865513 entfernt. (File: signal_transformations, Line: 221, Function: cut_by_value)
2025-08-26 15:57:10,667 - INFO - Analyse gestartet: Original_Signal
2025-08-26 15:57:10,774 - INFO - Peak gefunden bei t=1830.790s, Wert=2.985
2025-08-26 15:57:10,782 - WARNING - Warnung: Keine Datenpunkte wurden durch r< 2.0895398999999997 entfernt. (File: signal_transformations, Line: 221, Function: cut_by_value)
2025-08-26 15:58:26,316 - INFO - Analyse gestartet: Original_Signal
2025-08-26 15:58:26,423 - INFO - Peak gefunden bei t=1830.790s, Wert=2.985
2025-08-26 15:58:26,431 - WARNING - Warnung: Keine Datenpunkte wurden durch r< 2.0895398999999997 entfernt. (File: signal_transformations, Line: 221, Function: cut_by_value)
2025-08-26 15:58:37,014 - INFO - Datei erfolgreich geladen: C:/Users/rodi9/Dropbox/InstitutGR/HESS4MRA/Testing/Supercap Testing/Testing/Eaton/25F/ESR_A2_DUT1_V1_EATON_Testaufbau_25F_01-07-2025.csv
2025-08-26 15:58:37,018 - INFO - Analyse gestartet: Original_Signal
2025-08-26 15:58:37,364 - INFO - Peak gefunden bei t=1829.450s, Wert=2.988
2025-08-26 15:58:37,371 - WARNING - Warnung: Keine Datenpunkte wurden durch r< 2.0915923 entfernt. (File: signal_transformations, Line: 221, Function: cut_by_value)
2025-08-26 15:59:18,495 - WARNING - Warnung: Keine Datenpunkte wurden durch r< 2.0915923 entfernt. (File: signal_transformations, Line: 221, Function: cut_by_value)
2025-08-26 16:00:12,103 - INFO - Datei erfolgreich geladen: C:/Users/rodi9/Dropbox/InstitutGR/HESS4MRA/Testing/Supercap Testing/Testing/Eaton/25F/C_B1_DUT1_V1_EATON_Testaufbau_25F_01-07-2025.csv
2025-08-26 16:00:12,104 - INFO - Analyse gestartet: Original_Signal
2025-08-26 16:00:12,159 - INFO - Peak gefunden bei t=345.800s, Wert=2.988
2025-08-26 16:00:12,164 - WARNING - Warnung: Keine Datenpunkte wurden durch r< 2.0914306 entfernt. (File: signal_transformations, Line: 221, Function: cut_by_value)
2025-08-26 16:00:17,983 - INFO - Datei erfolgreich geladen: C:/Users/rodi9/Dropbox/InstitutGR/HESS4MRA/Testing/Supercap Testing/Testing/Eaton/25F/C_A2_DUT3_V1_Eaton_25F_06-08-2025.csv
2025-08-26 16:00:17,989 - INFO - Analyse gestartet: Original_Signal
2025-08-26 16:00:20,841 - INFO - Peak gefunden bei t=1837.120s, Wert=2.991
2025-08-26 16:00:20,872 - WARNING - Warnung: Keine Datenpunkte wurden durch r< 2.0938071 entfernt. (File: signal_transformations, Line: 221, Function: cut_by_value)
2025-08-26 16:01:26,802 - INFO - Analyse gestartet: Original_Signal
2025-08-26 16:01:29,541 - INFO - Peak gefunden bei t=1836.950s, Wert=2.993
2025-08-26 16:01:29,577 - WARNING - Warnung: Keine Datenpunkte wurden durch r< 2.8434278999999996 entfernt. (File: signal_transformations, Line: 221, Function: cut_by_value)
2025-08-26 16:01:33,421 - INFO - Analyse gestartet: Original_Signal
2025-08-26 16:01:36,216 - INFO - Peak gefunden bei t=1836.950s, Wert=2.993
2025-08-26 16:01:36,249 - WARNING - Warnung: Keine Datenpunkte wurden durch r< 2.8434278999999996 entfernt. (File: signal_transformations, Line: 221, Function: cut_by_value)
2025-08-26 16:01:52,048 - WARNING - Warnung: Keine Datenpunkte wurden durch r< 2.84174165 entfernt. (File: signal_transformations, Line: 221, Function: cut_by_value)
2025-08-26 16:01:58,559 - WARNING - Warnung: Keine Datenpunkte wurden durch r< 2.8434278999999996 entfernt. (File: signal_transformations, Line: 221, Function: cut_by_value)
2025-08-26 16:02:04,231 - WARNING - Warnung: Keine Datenpunkte wurden durch r< 2.8434278999999996 entfernt. (File: signal_transformations, Line: 221, Function: cut_by_value)
2025-08-26 16:02:10,246 - INFO - Analyse gestartet: Original_Signal
2025-08-26 16:02:13,000 - INFO - Peak gefunden bei t=1836.950s, Wert=2.993
2025-08-26 16:02:13,048 - WARNING - Warnung: Keine Datenpunkte wurden durch r< 2.8434278999999996 entfernt. (File: signal_transformations, Line: 221, Function: cut_by_value)
2025-08-26 16:05:02,156 - INFO - Analyse gestartet: Original_Signal
2025-08-26 16:05:05,078 - INFO - Peak gefunden bei t=1836.950s, Wert=2.993
2025-08-26 16:05:05,119 - WARNING - Warnung: Keine Datenpunkte wurden durch r< 2.90328954 entfernt. (File: signal_transformations, Line: 221, Function: cut_by_value)
2025-08-26 16:32:31,262 - INFO - Datei erfolgreich geladen: C:/Users/rodi9/Dropbox/InstitutGR/HESS4MRA/Testing/Supercap Testing/Testing/Eaton/25F/C_A4_DUT3_V1_EATON_Testaufbau_25F_01-07-2025.csv
2025-08-26 16:32:31,265 - INFO - Analyse gestartet: Original_Signal
2025-08-26 16:32:31,400 - INFO - Peak gefunden bei t=1849.960s, Wert=2.986
2025-08-26 16:32:31,405 - WARNING - Warnung: Keine Datenpunkte wurden durch r< 2.8369033 entfernt. (File: signal_transformations, Line: 221, Function: cut_by_value)
2025-08-26 16:33:41,267 - WARNING - Warnung: Keine Datenpunkte wurden durch r< 2.836244 entfernt. (File: signal_transformations, Line: 221, Function: cut_by_value)
2025-08-26 16:33:45,596 - WARNING - Warnung: Keine Datenpunkte wurden durch r< 2.83807655 entfernt. (File: signal_transformations, Line: 221, Function: cut_by_value)
2025-08-26 16:33:46,876 - WARNING - Warnung: Keine Datenpunkte wurden durch r< 2.8365375499999996 entfernt. (File: signal_transformations, Line: 221, Function: cut_by_value)
2025-08-26 16:33:48,532 - WARNING - Warnung: Keine Datenpunkte wurden durch r< 2.83807655 entfernt. (File: signal_transformations, Line: 221, Function: cut_by_value)
2025-08-26 16:33:49,300 - WARNING - Warnung: Keine Datenpunkte wurden durch r< 2.836244 entfernt. (File: signal_transformations, Line: 221, Function: cut_by_value)
2025-08-26 16:33:50,628 - WARNING - Warnung: Keine Datenpunkte wurden durch r< 2.8369033 entfernt. (File: signal_transformations, Line: 221, Function: cut_by_value)
2025-08-26 16:33:52,084 - WARNING - Warnung: Keine Datenpunkte wurden durch r< 2.8358773 entfernt. (File: signal_transformations, Line: 221, Function: cut_by_value)
2025-08-26 16:37:18,240 - INFO - Datei erfolgreich geladen: C:/Users/rodi9/Dropbox/InstitutGR/HESS4MRA/Testing/Supercap Testing/Testing/Eaton/25F/ESR_A2_DUT3_V1_EATON_Testaufbau_25F_01-07-2025.csv
2025-08-26 16:37:18,242 - INFO - Analyse gestartet: Original_Signal
2025-08-26 16:37:18,581 - INFO - Peak gefunden bei t=1864.310s, Wert=2.986
2025-08-26 16:37:18,586 - WARNING - Warnung: Keine Datenpunkte wurden durch r< 2.8368301499999995 entfernt. (File: signal_transformations, Line: 221, Function: cut_by_value)
2025-08-26 16:37:29,488 - INFO - Datei erfolgreich geladen: C:/Users/rodi9/Dropbox/InstitutGR/HESS4MRA/Testing/Supercap Testing/Testing/Eaton/25F/C_A2_DUT1_V1_Eaton_25F_06-08-2025.csv
2025-08-26 16:37:29,491 - INFO - Analyse gestartet: Original_Signal
2025-08-26 16:37:32,228 - INFO - Peak gefunden bei t=1836.360s, Wert=2.991
2025-08-26 16:37:32,254 - WARNING - Warnung: Keine Datenpunkte wurden durch r< 2.8413018 entfernt. (File: signal_transformations, Line: 221, Function: cut_by_value)
2025-08-26 16:37:41,459 - WARNING - Warnung: Keine Datenpunkte wurden durch r< 2.8409351 entfernt. (File: signal_transformations, Line: 221, Function: cut_by_value)
2025-08-26 16:38:09,033 - WARNING - Warnung: Keine Datenpunkte wurden durch r< 2.8429880499999998 entfernt. (File: signal_transformations, Line: 221, Function: cut_by_value)
2025-08-26 16:39:27,722 - INFO - Analyse gestartet: Original_Signal
2025-08-26 16:39:30,527 - INFO - Peak gefunden bei t=1837.580s, Wert=2.990
2025-08-26 16:39:30,553 - WARNING - Warnung: Keine Datenpunkte wurden durch r< 2.8402758 entfernt. (File: signal_transformations, Line: 221, Function: cut_by_value)
2025-08-26 16:39:33,946 - WARNING - Warnung: Keine Datenpunkte wurden durch r< 2.8402758 entfernt. (File: signal_transformations, Line: 221, Function: cut_by_value)
2025-08-26 16:39:58,370 - WARNING - Warnung: Keine Datenpunkte wurden durch r< 2.84262135 entfernt. (File: signal_transformations, Line: 221, Function: cut_by_value)
2025-08-26 16:41:47,979 - INFO - Analyse gestartet: Original_Signal
2025-08-26 16:41:48,133 - INFO - Peak gefunden bei t=4973.680s, Wert=0.001
2025-08-26 16:41:48,148 - WARNING - Warnung: Keine Datenpunkte wurden durch r> 0.00027 entfernt. (File: signal_transformations, Line: 211, Function: cut_by_value)
2025-08-26 16:41:48,166 - WARNING - Neu-Analyse nach Param-Update fehlgeschlagen: index 0 is out of bounds for axis 0 with size 0 (File: ui, Line: 240, Function: on_open_params)
2025-08-26 16:42:03,032 - INFO - Analyse gestartet: Original_Signal
2025-08-26 16:42:05,765 - INFO - Peak gefunden bei t=1835.800s, Wert=2.991
2025-08-26 16:42:05,802 - WARNING - Warnung: Keine Datenpunkte wurden durch r< 2.6922456 entfernt. (File: signal_transformations, Line: 221, Function: cut_by_value)
2025-08-26 16:42:09,617 - WARNING - Warnung: Keine Datenpunkte wurden durch r< 2.6922456 entfernt. (File: signal_transformations, Line: 221, Function: cut_by_value)
2025-08-26 16:42:36,394 - INFO - Datei erfolgreich geladen: C:/Users/rodi9/Dropbox/InstitutGR/HESS4MRA/Testing/Supercap Testing/Testing/Eaton/25F/C_A4_DUT3_V1_EATON_Testaufbau_25F_01-07-2025.csv
2025-08-26 16:42:36,396 - INFO - Analyse gestartet: Original_Signal
2025-08-26 16:42:36,485 - INFO - Peak gefunden bei t=1849.960s, Wert=2.986
2025-08-26 16:42:36,488 - WARNING - Warnung: Keine Datenpunkte wurden durch r< 2.6875926 entfernt. (File: signal_transformations, Line: 221, Function: cut_by_value)
2025-08-26 16:42:47,295 - INFO - Datei erfolgreich geladen: C:/Users/rodi9/Dropbox/InstitutGR/HESS4MRA/Testing/Supercap Testing/Testing/Eaton/25F/ESR_A4_DUT1_V1_EATON_Testaufbau_25F_01-07-2025.csv
2025-08-26 16:42:47,297 - INFO - Analyse gestartet: Original_Signal
2025-08-26 16:42:47,380 - INFO - Peak gefunden bei t=1830.790s, Wert=2.985
2025-08-26 16:42:47,384 - WARNING - Warnung: Keine Datenpunkte wurden durch r< 2.6865513 entfernt. (File: signal_transformations, Line: 221, Function: cut_by_value)
2025-08-26 16:43:10,748 - INFO - Analyse gestartet: Original_Signal
2025-08-26 16:43:10,873 - INFO - Peak gefunden bei t=1830.790s, Wert=2.985
2025-08-26 16:43:10,881 - WARNING - Warnung: Keine Datenpunkte wurden durch r< 2.6865513 entfernt. (File: signal_transformations, Line: 221, Function: cut_by_value)
2025-08-26 16:43:12,220 - WARNING - Warnung: Keine Datenpunkte wurden durch r< 2.6865513 entfernt. (File: signal_transformations, Line: 221, Function: cut_by_value)
2025-08-26 16:43:54,593 - INFO - Datei erfolgreich geladen: C:/Users/rodi9/Dropbox/InstitutGR/HESS4MRA/Testing/Supercap Testing/Testing/Eaton/25F/ESR_A2_DUT1_V1_EATON_Testaufbau_25F_01-07-2025.csv
2025-08-26 16:43:54,596 - INFO - Analyse gestartet: Original_Signal
2025-08-26 16:43:54,903 - INFO - Peak gefunden bei t=1829.450s, Wert=2.988
2025-08-26 16:43:54,909 - WARNING - Warnung: Keine Datenpunkte wurden durch r< 2.6891901 entfernt. (File: signal_transformations, Line: 221, Function: cut_by_value)
2025-08-26 16:44:08,095 - WARNING - Warnung: Keine Datenpunkte wurden durch r< 2.6891901 entfernt. (File: signal_transformations, Line: 221, Function: cut_by_value)
2025-08-26 16:44:57,488 - WARNING - Warnung: Keine Datenpunkte wurden durch r< 2.6891901 entfernt. (File: signal_transformations, Line: 221, Function: cut_by_value)
2025-08-26 16:46:53,401 - INFO - Analyse gestartet: Original_Signal
2025-08-26 16:46:53,714 - INFO - Peak gefunden bei t=1829.450s, Wert=2.988
2025-08-26 16:46:53,720 - WARNING - Warnung: Keine Datenpunkte wurden durch r< 2.6891901 entfernt. (File: signal_transformations, Line: 221, Function: cut_by_value)
2025-08-26 16:47:15,696 - INFO - Analyse gestartet: Original_Signal
2025-08-26 16:47:16,000 - INFO - Peak gefunden bei t=1829.450s, Wert=2.988
2025-08-26 16:47:16,006 - WARNING - Warnung: Keine Datenpunkte wurden durch r< 2.6891901 entfernt. (File: signal_transformations, Line: 221, Function: cut_by_value)
2025-08-26 16:52:15,743 - WARNING - Warnung: Keine Datenpunkte wurden durch r< 2.6888436000000002 entfernt. (File: signal_transformations, Line: 221, Function: cut_by_value)
2025-08-26 16:52:36,910 - WARNING - Warnung: Keine Datenpunkte wurden durch r< 2.6891901 entfernt. (File: signal_transformations, Line: 221, Function: cut_by_value)
2025-08-27 12:34:28,745 - INFO - Datei erfolgreich geladen: C:/Users/rodi9/Dropbox/InstitutGR/HESS4MRA/Testing/Supercap Testing/Testing/Eaton/25F/C_A4_DUT3_V1_EATON_Testaufbau_25F_01-07-2025.csv
2025-08-27 12:34:28,749 - INFO - Analyse gestartet: Original_Signal
2025-08-27 12:34:28,911 - INFO - Peak gefunden bei t=1849.960s, Wert=2.986
2025-08-27 13:49:37,394 - INFO - Datei erfolgreich geladen: C:/Users/rodi9/Dropbox/InstitutGR/HESS4MRA/Testing/Supercap Testing/Testing/Eaton/25F/C_B1_DUT1_V1_EATON_Testaufbau_25F_01-07-2025.csv
2025-08-27 13:49:37,396 - INFO - Analyse gestartet: Original_Signal
2025-08-27 13:49:37,468 - INFO - Peak gefunden bei t=345.800s, Wert=2.988
2025-08-27 14:03:43,853 - INFO - Datei erfolgreich geladen: C:/Users/rodi9/Dropbox/InstitutGR/HESS4MRA/Testing/Supercap Testing/Testing/Eaton/25F/C_A4_DUT2_V1_EATON_Testaufbau_25F_01-07-2025.csv
2025-08-27 14:03:43,863 - INFO - Analyse gestartet: Original_Signal
2025-08-27 14:03:44,086 - INFO - Peak gefunden bei t=1832.910s, Wert=2.987
2025-08-27 14:03:52,854 - INFO - SignalData erfolgreich in C:/Users/rodi9/Dropbox/InstitutGR/HESS4MRA/Testing/Supercap Testing/Testing/Eaton/25F\cut_data\C_A4_DUT2_V1_EATON_25F_cut.csv gespeichert.
2025-08-27 14:03:52,855 - INFO - Gespeichert: C:/Users/rodi9/Dropbox/InstitutGR/HESS4MRA/Testing/Supercap Testing/Testing/Eaton/25F\cut_data\C_A4_DUT2_V1_EATON_25F_cut.csv
2025-08-27 16:17:47,894 - INFO - Analyse gestartet: Original_Signal
2025-08-27 16:17:48,079 - INFO - Peak gefunden bei t=1832.910s, Wert=2.987
2025-08-27 16:29:14,999 - INFO - Datei erfolgreich geladen: C:/Users/rodi9/Dropbox/InstitutGR/HESS4MRA/Testing/Supercap Testing/Testing/Eaton/25F/C_B1_DUT1_V1_EATON_Testaufbau_25F_01-07-2025.csv
2025-08-27 16:29:15,001 - INFO - Analyse gestartet: Original_Signal
2025-08-27 16:29:15,065 - INFO - Peak gefunden bei t=345.800s, Wert=2.988
2025-08-27 16:30:44,586 - INFO - Datei erfolgreich geladen: C:/Users/rodi9/Dropbox/InstitutGR/HESS4MRA/Testing/Supercap Testing/Testing/Eaton/25F/C_A4_DUT1_V1_EATON_Testaufbau_25F_01-07-2025.csv
2025-08-27 16:30:44,589 - INFO - Analyse gestartet: Original_Signal
2025-08-27 16:30:44,761 - INFO - Peak gefunden bei t=1832.840s, Wert=2.986
2025-08-27 16:31:10,782 - INFO - Datei erfolgreich geladen: C:/Users/rodi9/Dropbox/InstitutGR/HESS4MRA/Testing/Supercap Testing/Testing/Eaton/25F/C_A2_DUT2_V1_Eaton_25F_06-08-2025.csv
2025-08-27 16:31:10,788 - INFO - Analyse gestartet: Original_Signal
2025-08-27 16:31:13,810 - INFO - Peak gefunden bei t=1836.520s, Wert=2.990
2025-08-27 16:33:19,335 - INFO - Analyse gestartet: Original_Signal
2025-08-27 16:33:22,282 - INFO - Peak gefunden bei t=1838.420s, Wert=2.988
2025-08-27 16:34:05,940 - INFO - Datei erfolgreich geladen: C:/Users/rodi9/Dropbox/InstitutGR/HESS4MRA/Testing/Supercap Testing/Testing/Eaton/25F/C_B1_DUT3_V1_EATON_Testaufbau_25F_01-07-2025.csv
2025-08-27 16:34:05,941 - INFO - Analyse gestartet: Original_Signal
2025-08-27 16:34:06,000 - INFO - Peak gefunden bei t=343.370s, Wert=2.986
2025-08-27 16:36:06,104 - INFO - Datei erfolgreich geladen: C:/Users/rodi9/Dropbox/InstitutGR/HESS4MRA/Testing/Supercap Testing/Testing/Eaton/25F/C_A4_DUT2_V1_EATON_Testaufbau_25F_01-07-2025.csv
2025-08-27 16:36:06,106 - INFO - Analyse gestartet: Original_Signal
2025-08-27 16:36:06,219 - INFO - Peak gefunden bei t=1832.910s, Wert=2.987
2025-08-27 16:36:11,641 - INFO - Datei erfolgreich geladen: C:/Users/rodi9/Dropbox/InstitutGR/HESS4MRA/Testing/Supercap Testing/Testing/Eaton/25F/C_A2_DUT3_V1_Eaton_25F_06-08-2025.csv
2025-08-27 16:36:11,646 - INFO - Analyse gestartet: Original_Signal
2025-08-27 16:36:14,549 - INFO - Peak gefunden bei t=1836.950s, Wert=2.993
2025-08-27 16:38:08,337 - INFO - Analyse gestartet: Original_Signal
2025-08-27 16:38:11,064 - INFO - Peak gefunden bei t=1836.950s, Wert=2.993
2025-08-27 16:41:26,518 - INFO - Datei erfolgreich geladen: C:/Users/rodi9/Dropbox/InstitutGR/HESS4MRA/Testing/Supercap Testing/Testing/Eaton/25F/ESR_A4_DUT1_V1_EATON_Testaufbau_25F_01-07-2025.csv
2025-08-27 16:41:26,520 - INFO - Analyse gestartet: Original_Signal
2025-08-27 16:41:26,629 - INFO - Peak gefunden bei t=1830.790s, Wert=2.985
2025-08-27 16:43:10,160 - INFO - Datei erfolgreich geladen: C:/Users/rodi9/Dropbox/InstitutGR/HESS4MRA/Testing/Supercap Testing/Testing/Eaton/25F/C_B1_DUT2_V1_EATON_Testaufbau_25F_01-07-2025.csv
2025-08-27 16:43:10,161 - INFO - Analyse gestartet: Original_Signal
2025-08-27 16:43:10,237 - INFO - Peak gefunden bei t=340.720s, Wert=2.986
2025-08-27 16:49:06,457 - INFO - Datei erfolgreich geladen: C:/Users/rodi9/Dropbox/InstitutGR/HESS4MRA/Testing/Supercap Testing/Testing/Eaton/25F/C_A2_DUT3_V1_Eaton_25F_06-08-2025.csv
2025-08-27 16:49:06,462 - INFO - Analyse gestartet: Original_Signal
2025-08-27 16:49:09,217 - INFO - Peak gefunden bei t=1836.950s, Wert=2.993
2025-08-27 16:49:18,101 - INFO - Datei erfolgreich geladen: C:/Users/rodi9/Dropbox/InstitutGR/HESS4MRA/Testing/Supercap Testing/Testing/Eaton/25F/C_A2_DUT2_V1_Eaton_25F_06-08-2025.csv
2025-08-27 16:49:18,112 - INFO - Analyse gestartet: Original_Signal
2025-08-27 16:49:20,988 - INFO - Peak gefunden bei t=1838.420s, Wert=2.988
2025-08-27 16:49:34,845 - INFO - Analyse gestartet: Original_Signal
2025-08-27 16:49:37,761 - INFO - Peak gefunden bei t=1837.050s, Wert=2.990
2025-08-27 16:50:19,294 - INFO - Analyse gestartet: Original_Signal
2025-08-27 16:50:22,161 - INFO - Peak gefunden bei t=1837.050s, Wert=2.990
2025-08-27 17:00:53,539 - INFO - Datei erfolgreich geladen: C:/Users/rodi9/Dropbox/InstitutGR/HESS4MRA/Testing/Supercap Testing/Testing/Eaton/25F/C_A4_DUT3_V1_EATON_Testaufbau_25F_01-07-2025.csv
2025-08-27 17:00:53,541 - INFO - Analyse gestartet: Original_Signal
2025-08-27 17:00:53,633 - INFO - Peak gefunden bei t=1849.960s, Wert=2.986
2025-08-27 17:01:04,438 - INFO - Analyse gestartet: Original_Signal
2025-08-27 17:01:04,536 - INFO - Peak gefunden bei t=1849.960s, Wert=2.986
2025-08-27 17:01:20,097 - INFO - Analyse gestartet: Original_Signal
2025-08-27 17:01:20,217 - INFO - Peak gefunden bei t=1849.960s, Wert=2.986
2025-08-27 17:02:38,806 - INFO - Analyse gestartet: Original_Signal
2025-08-27 17:02:38,918 - INFO - Peak gefunden bei t=1849.960s, Wert=2.986
2025-08-28 15:54:48,039 - INFO - Datei erfolgreich geladen: C:/Users/rodi9/Dropbox/InstitutGR/HESS4MRA/Testing/Supercap Testing/Testing/Eaton/25F/ESR_A2_DUT1_V1_EATON_Testaufbau_25F_01-07-2025.csv
2025-08-28 15:54:48,044 - INFO - Analyse gestartet: Original_Signal
2025-08-28 15:54:48,433 - INFO - Peak gefunden bei t=1829.450s, Wert=2.988
2025-08-28 15:59:26,100 - INFO - Datei erfolgreich geladen: C:/Users/rodi9/Dropbox/InstitutGR/HESS4MRA/Testing/Supercap Testing/Testing/Eaton/25F/C_B1_DUT1_V1_EATON_Testaufbau_25F_01-07-2025.csv
2025-08-28 15:59:26,102 - INFO - Analyse gestartet: Original_Signal
2025-08-28 15:59:26,209 - INFO - Peak gefunden bei t=345.800s, Wert=2.988
2025-08-28 15:59:36,947 - INFO - Datei erfolgreich geladen: C:/Users/rodi9/Dropbox/InstitutGR/HESS4MRA/Testing/Supercap Testing/Testing/Maxwell/25F/C_A1_Class2_DUT1_V1_Maxwell_25F_31-07-2025.csv
2025-08-28 15:59:36,955 - INFO - Analyse gestartet: Original_Signal
2025-08-28 15:59:40,648 - INFO - Peak gefunden bei t=1843.110s, Wert=2.992
2025-08-28 16:37:52,691 - CRITICAL - Unbehandelte Ausnahme (File: log, Line: 22, Function: handle_exception)
Traceback (most recent call last):
  File "C:\Users\simon\Seafile\CapMeasurementSystem\main.py", line 2, in <module>
    from ui import run_app
  File "C:\Users\simon\Seafile\CapMeasurementSystem\ui.py", line 23, in <module>
    from gui_fig import DischargePlot
  File "C:\Users\simon\Seafile\CapMeasurementSystem\gui_fig.py", line 1, in <module>
    class DischargePlot:
  File "C:\Users\simon\Seafile\CapMeasurementSystem\gui_fig.py", line 189, in DischargePlot
    def zoom(self, factor: float, center: float | None = None):
TypeError: unsupported operand type(s) for |: 'type' and 'NoneType'
2025-08-28 16:38:36,967 - CRITICAL - Unbehandelte Ausnahme (File: log, Line: 22, Function: handle_exception)
Traceback (most recent call last):
  File "C:\Users\simon\Seafile\CapMeasurementSystem\main.py", line 2, in <module>
    from ui import run_app
  File "C:\Users\simon\Seafile\CapMeasurementSystem\ui.py", line 16, in <module>
    from cap_calculations import cut_and_analyze_peak, recompute_from_peak
  File "C:\Users\simon\Seafile\CapMeasurementSystem\cap_calculations.py", line 16, in <module>
    from analysis_param_management import AnalysisParams
  File "C:\Users\simon\Seafile\CapMeasurementSystem\analysis_param_management.py", line 8, in <module>
    import yaml
ModuleNotFoundError: No module named 'yaml'
2025-08-28 16:39:32,498 - CRITICAL - Unbehandelte Ausnahme (File: log, Line: 22, Function: handle_exception)
Traceback (most recent call last):
  File "C:\Users\simon\Seafile\CapMeasurementSystem\main.py", line 2, in <module>
    from ui import run_app
  File "C:\Users\simon\Seafile\CapMeasurementSystem\ui.py", line 23, in <module>
    from gui_fig import DischargePlot
  File "C:\Users\simon\Seafile\CapMeasurementSystem\gui_fig.py", line 1, in <module>
    class DischargePlot:
  File "C:\Users\simon\Seafile\CapMeasurementSystem\gui_fig.py", line 189, in DischargePlot
    def zoom(self, factor: float, center: float | None = None):
TypeError: unsupported operand type(s) for |: 'type' and 'NoneType'
2025-08-28 16:41:17,321 - INFO - Datei erfolgreich geladen: C:/Users/simon/Seafile/Supercap Testing/Testing/Vishay/C_A1_Class4_DUT1_V1_Vishay_Testaufbau_50F_18-03-2025.csv
2025-08-28 16:41:17,329 - INFO - Analyse gestartet: Original_Signal
2025-08-28 16:41:17,682 - INFO - Peak gefunden bei t=1854.560s, Wert=2.987
2025-08-28 16:45:01,058 - CRITICAL - Unbehandelte Ausnahme (File: log, Line: 22, Function: handle_exception)
Traceback (most recent call last):
  File "C:\Users\simon\Seafile\CapMeasurementSystem\main.py", line 2, in <module>
    from ui import run_app
  File "C:\Users\simon\Seafile\CapMeasurementSystem\ui.py", line 16, in <module>
    from cap_calculations import cut_and_analyze_peak, recompute_from_peak
  File "C:\Users\simon\Seafile\CapMeasurementSystem\cap_calculations.py", line 16, in <module>
    from analysis_param_management import AnalysisParams
  File "C:\Users\simon\Seafile\CapMeasurementSystem\analysis_param_management.py", line 8, in <module>
    import yaml
ModuleNotFoundError: No module named 'yaml'
2025-08-28 16:45:19,296 - INFO - Datei erfolgreich geladen: C:/Users/simon/Seafile/Supercap Testing/Testing/Vishay/C_A1_Class4_DUT2_V1_Vishay_Testaufbau_50F_20-03-2025.csv
2025-08-28 16:45:19,301 - INFO - Analyse gestartet: Original_Signal
2025-08-28 16:45:19,496 - INFO - Peak gefunden bei t=1923.090s, Wert=2.986
2025-08-28 16:49:12,660 - INFO - Datei erfolgreich geladen: C:/Users/simon/Seafile/Supercap Testing/Testing/Vishay/C_A1_Class4_DUT1_V1_Vishay_Testaufbau_50F_18-03-2025.csv
2025-08-28 16:49:12,666 - INFO - Analyse gestartet: Original_Signal
2025-08-28 16:49:13,006 - INFO - Peak gefunden bei t=1854.560s, Wert=2.987
2025-08-28 16:50:11,796 - INFO - SignalData erfolgreich in C:/Users/simon/Seafile/Supercap Testing/Testing/Vishay\cut_data\C_A1_Class4_DUT1_V1_Vishay_50F_cut.csv gespeichert.
2025-08-28 16:50:11,796 - INFO - Gespeichert: C:/Users/simon/Seafile/Supercap Testing/Testing/Vishay\cut_data\C_A1_Class4_DUT1_V1_Vishay_50F_cut.csv
2025-08-28 17:12:39,641 - INFO - Datei erfolgreich geladen: C:/Users/simon/Seafile/Supercap Testing/Testing/Vishay/25F/C_A2_DUT1_V1_Vishay_25F_05-08-2025.csv
2025-08-28 17:12:39,656 - INFO - Analyse gestartet: Original_Signal
2025-08-28 17:12:45,825 - INFO - Peak gefunden bei t=1871.370s, Wert=2.993
2025-08-28 17:20:44,185 - INFO - Analyse gestartet: Original_Signal
2025-08-28 17:20:50,213 - INFO - Peak gefunden bei t=1875.630s, Wert=2.988
2025-08-28 17:27:04,954 - INFO - SignalData erfolgreich in C:/Users/simon/Seafile/Supercap Testing/Testing/Vishay/25F\cut_data\C_A2_DUT1_V1_Vishay_25F_cut.csv gespeichert.
2025-08-28 17:27:04,955 - INFO - Gespeichert: C:/Users/simon/Seafile/Supercap Testing/Testing/Vishay/25F\cut_data\C_A2_DUT1_V1_Vishay_25F_cut.csv
2025-08-29 10:03:28,708 - INFO - Datei erfolgreich geladen: C:/Users/simon/Seafile/Supercap Testing/Testing/Vishay/25F/C_A2_DUT2_V1_Vishay_25F_06-08-2025.csv
2025-08-29 10:03:28,722 - INFO - Analyse gestartet: Original_Signal
2025-08-29 10:03:35,104 - INFO - Peak gefunden bei t=1851.860s, Wert=2.992
2025-08-29 10:04:07,415 - INFO - Analyse gestartet: Original_Signal
2025-08-29 10:04:15,982 - INFO - Peak gefunden bei t=1853.590s, Wert=2.990
2025-08-29 10:06:11,895 - INFO - SignalData erfolgreich in C:/Users/simon/Seafile/Supercap Testing/Testing/Vishay/25F\cut_data\C_A2_DUT2_V1_Vishay_25F_cut.csv gespeichert.
2025-08-29 10:06:11,896 - INFO - Gespeichert: C:/Users/simon/Seafile/Supercap Testing/Testing/Vishay/25F\cut_data\C_A2_DUT2_V1_Vishay_25F_cut.csv
2025-08-29 10:06:22,091 - INFO - Datei erfolgreich geladen: C:/Users/simon/Seafile/Supercap Testing/Testing/Vishay/25F/C_A2_DUT3_V1_Vishay_25F_05-08-2025.csv
2025-08-29 10:06:22,102 - INFO - Analyse gestartet: Original_Signal
2025-08-29 10:06:28,741 - INFO - Peak gefunden bei t=1876.040s, Wert=2.992
2025-08-29 10:07:51,451 - INFO - SignalData erfolgreich in C:/Users/simon/Seafile/Supercap Testing/Testing/Vishay/25F\cut_data\C_A2_DUT3_V1_Vishay_25F_cut.csv gespeichert.
2025-08-29 10:07:51,452 - INFO - Gespeichert: C:/Users/simon/Seafile/Supercap Testing/Testing/Vishay/25F\cut_data\C_A2_DUT3_V1_Vishay_25F_cut.csv
2025-08-29 10:08:06,709 - INFO - Datei erfolgreich geladen: C:/Users/simon/Seafile/Supercap Testing/Testing/Vishay/25F/C_A3_DUT1_V1_Vishay_Testaufbau_25F_09-07-2025.csv
2025-08-29 10:08:06,715 - INFO - Analyse gestartet: Original_Signal
2025-08-29 10:08:07,580 - INFO - Peak gefunden bei t=1852.920s, Wert=2.989
2025-08-29 10:08:43,281 - INFO - Analyse gestartet: Original_Signal
2025-08-29 10:08:43,917 - INFO - Peak gefunden bei t=1852.920s, Wert=2.989
2025-08-29 10:09:00,555 - INFO - SignalData erfolgreich in C:/Users/simon/Seafile/Supercap Testing/Testing/Vishay/25F\cut_data\C_A3_DUT1_V1_Vishay_25F_cut.csv gespeichert.
2025-08-29 10:09:00,555 - INFO - Gespeichert: C:/Users/simon/Seafile/Supercap Testing/Testing/Vishay/25F\cut_data\C_A3_DUT1_V1_Vishay_25F_cut.csv
2025-08-29 10:09:24,591 - INFO - Datei erfolgreich geladen: C:/Users/simon/Seafile/Supercap Testing/Testing/Vishay/25F/C_A3_DUT2_V1_Vishay_Testaufbau_25F_09-07-2025.csv
2025-08-29 10:09:24,597 - INFO - Analyse gestartet: Original_Signal
2025-08-29 10:09:25,365 - INFO - Peak gefunden bei t=1855.870s, Wert=2.988
2025-08-29 10:09:36,871 - INFO - Analyse gestartet: Original_Signal
2025-08-29 10:09:37,465 - INFO - Peak gefunden bei t=1855.870s, Wert=2.988
2025-08-29 10:09:52,384 - INFO - Analyse gestartet: Original_Signal
2025-08-29 10:09:53,752 - INFO - Peak gefunden bei t=1855.870s, Wert=2.988
2025-08-29 10:10:14,095 - INFO - SignalData erfolgreich in C:/Users/simon/Seafile/Supercap Testing/Testing/Vishay/25F\cut_data\C_A3_DUT2_V1_Vishay_25F_cut.csv gespeichert.
2025-08-29 10:10:14,096 - INFO - Gespeichert: C:/Users/simon/Seafile/Supercap Testing/Testing/Vishay/25F\cut_data\C_A3_DUT2_V1_Vishay_25F_cut.csv
2025-08-29 10:11:22,352 - INFO - Datei erfolgreich geladen: C:/Users/simon/Seafile/Supercap Testing/Testing/Vishay/25F/C_A3_DUT3_V1_Vishay_Testaufbau_25F_09-07-2025.csv
2025-08-29 10:11:22,361 - INFO - Analyse gestartet: Original_Signal
2025-08-29 10:11:23,534 - INFO - Peak gefunden bei t=1871.170s, Wert=2.988
2025-08-29 10:11:54,391 - INFO - SignalData erfolgreich in C:/Users/simon/Seafile/Supercap Testing/Testing/Vishay/25F\cut_data\C_A3_DUT3_V1_Vishay_25F_cut.csv gespeichert.
2025-08-29 10:11:54,391 - INFO - Gespeichert: C:/Users/simon/Seafile/Supercap Testing/Testing/Vishay/25F\cut_data\C_A3_DUT3_V1_Vishay_25F_cut.csv
2025-08-29 10:12:04,742 - INFO - Datei erfolgreich geladen: C:/Users/simon/Seafile/Supercap Testing/Testing/Vishay/25F/C_B1_DUT1_V1_Vishay_Testaufbau_25F_09-07-2025.csv
2025-08-29 10:12:04,745 - INFO - Analyse gestartet: Original_Signal
2025-08-29 10:12:04,879 - INFO - Peak gefunden bei t=363.210s, Wert=2.986
2025-08-29 10:13:10,446 - INFO - SignalData erfolgreich in C:/Users/simon/Seafile/Supercap Testing/Testing/Vishay/25F\cut_data\C_B1_DUT1_V1_Vishay_25F_cut.csv gespeichert.
2025-08-29 10:13:10,447 - INFO - Gespeichert: C:/Users/simon/Seafile/Supercap Testing/Testing/Vishay/25F\cut_data\C_B1_DUT1_V1_Vishay_25F_cut.csv
2025-08-29 10:13:20,153 - INFO - Datei erfolgreich geladen: C:/Users/simon/Seafile/Supercap Testing/Testing/Vishay/25F/C_B1_DUT2_V1_Vishay_Testaufbau_25F_09-07-2025.csv
2025-08-29 10:13:20,157 - INFO - Analyse gestartet: Original_Signal
2025-08-29 10:13:20,422 - INFO - Peak gefunden bei t=355.730s, Wert=2.987
2025-08-29 10:13:31,005 - INFO - SignalData erfolgreich in C:/Users/simon/Seafile/Supercap Testing/Testing/Vishay/25F\cut_data\C_B1_DUT2_V1_Vishay_25F_cut.csv gespeichert.
2025-08-29 10:13:31,006 - INFO - Gespeichert: C:/Users/simon/Seafile/Supercap Testing/Testing/Vishay/25F\cut_data\C_B1_DUT2_V1_Vishay_25F_cut.csv
2025-08-29 10:13:36,267 - INFO - Datei erfolgreich geladen: C:/Users/simon/Seafile/Supercap Testing/Testing/Vishay/25F/C_B1_DUT3_V1_Vishay_Testaufbau_25F_09-07-2025.csv
2025-08-29 10:13:36,269 - INFO - Analyse gestartet: Original_Signal
2025-08-29 10:13:36,361 - INFO - Peak gefunden bei t=346.610s, Wert=2.988
2025-08-29 10:13:39,138 - INFO - SignalData erfolgreich in C:/Users/simon/Seafile/Supercap Testing/Testing/Vishay/25F\cut_data\C_B1_DUT3_V1_Vishay_25F_cut.csv gespeichert.
2025-08-29 10:13:39,139 - INFO - Gespeichert: C:/Users/simon/Seafile/Supercap Testing/Testing/Vishay/25F\cut_data\C_B1_DUT3_V1_Vishay_25F_cut.csv
2025-08-29 10:13:41,630 - INFO - SignalData erfolgreich in C:/Users/simon/Seafile/Supercap Testing/Testing/Vishay/25F\cut_data\C_B1_DUT3_V1_Vishay_25F_cut.csv gespeichert.
2025-08-29 10:13:41,630 - INFO - Gespeichert: C:/Users/simon/Seafile/Supercap Testing/Testing/Vishay/25F\cut_data\C_B1_DUT3_V1_Vishay_25F_cut.csv
2025-08-29 10:13:47,252 - INFO - Datei erfolgreich geladen: C:/Users/simon/Seafile/Supercap Testing/Testing/Vishay/25F/ESR_A3_DUT1_V1_Vishay_Testaufbau_25F_09-07-2025.csv
2025-08-29 10:13:47,257 - INFO - Analyse gestartet: Original_Signal
2025-08-29 10:13:47,487 - INFO - Peak gefunden bei t=2055.450s, Wert=2.990
2025-08-29 10:13:59,119 - INFO - SignalData erfolgreich in C:/Users/simon/Seafile/Supercap Testing/Testing/Vishay/25F\cut_data\ESR_A3_DUT1_V1_Vishay_25F_cut.csv gespeichert.
2025-08-29 10:13:59,120 - INFO - Gespeichert: C:/Users/simon/Seafile/Supercap Testing/Testing/Vishay/25F\cut_data\ESR_A3_DUT1_V1_Vishay_25F_cut.csv
2025-08-29 10:14:07,357 - INFO - Datei erfolgreich geladen: C:/Users/simon/Seafile/Supercap Testing/Testing/Vishay/25F/ESR_A3_DUT2_V1_Vishay_Testaufbau_25F_09-07-2025.csv
2025-08-29 10:14:07,361 - INFO - Analyse gestartet: Original_Signal
2025-08-29 10:14:07,622 - INFO - Peak gefunden bei t=1853.800s, Wert=2.986
2025-08-29 10:14:18,590 - INFO - SignalData erfolgreich in C:/Users/simon/Seafile/Supercap Testing/Testing/Vishay/25F\cut_data\ESR_A3_DUT2_V1_Vishay_25F_cut.csv gespeichert.
2025-08-29 10:14:18,590 - INFO - Gespeichert: C:/Users/simon/Seafile/Supercap Testing/Testing/Vishay/25F\cut_data\ESR_A3_DUT2_V1_Vishay_25F_cut.csv
2025-08-29 10:14:23,699 - INFO - Datei erfolgreich geladen: C:/Users/simon/Seafile/Supercap Testing/Testing/Vishay/25F/ESR_A3_DUT3_V1_Vishay_Testaufbau_25F_09-07-2025.csv
2025-08-29 10:14:23,703 - INFO - Analyse gestartet: Original_Signal
2025-08-29 10:14:23,915 - INFO - Peak gefunden bei t=1838.390s, Wert=2.989
2025-08-29 10:14:46,354 - INFO - SignalData erfolgreich in C:/Users/simon/Seafile/Supercap Testing/Testing/Vishay/25F\cut_data\ESR_A3_DUT3_V1_Vishay_25F_cut.csv gespeichert.
2025-08-29 10:14:46,354 - INFO - Gespeichert: C:/Users/simon/Seafile/Supercap Testing/Testing/Vishay/25F\cut_data\ESR_A3_DUT3_V1_Vishay_25F_cut.csv
2025-08-29 10:15:11,575 - INFO - SignalData erfolgreich in C:/Users/simon/Seafile/Supercap Testing/Testing/Vishay/25F\cut_data\ESR_A3_DUT3_V1_Vishay_25F_cut.csv gespeichert.
2025-08-29 10:15:11,576 - INFO - Gespeichert: C:/Users/simon/Seafile/Supercap Testing/Testing/Vishay/25F\cut_data\ESR_A3_DUT3_V1_Vishay_25F_cut.csv
2025-08-29 10:16:26,329 - INFO - Datei erfolgreich geladen: C:/Users/simon/Seafile/Supercap Testing/Testing/WürthElektronik/25F/C_A3_DUT1_V1_WuerthElektronik_Testaufbau_25F_29-07-2025.csv
2025-08-29 10:16:26,336 - INFO - Analyse gestartet: Original_Signal
2025-08-29 10:16:26,347 - WARNING - Fehler beim Öffnen: Das Signal enthält keine Datenpunkte nach dem Schneiden. (File: ui, Line: 303, Function: on_open_file)
2025-08-29 10:16:34,607 - INFO - Datei erfolgreich geladen: C:/Users/simon/Seafile/Supercap Testing/Testing/WürthElektronik/25F/C_A3_DUT2_V1_WuerthElektronik_Testaufbau_25F_30-07-2025.csv
2025-08-29 10:16:34,613 - INFO - Analyse gestartet: Original_Signal
2025-08-29 10:16:34,622 - WARNING - Fehler beim Öffnen: Das Signal enthält keine Datenpunkte nach dem Schneiden. (File: ui, Line: 303, Function: on_open_file)
2025-08-29 10:16:38,720 - INFO - Datei erfolgreich geladen: C:/Users/simon/Seafile/Supercap Testing/Testing/WürthElektronik/25F/ESR_A3_DUT1_V1_WuerthElektronik_Testaufbau_25F_29-07-2025.csv
2025-08-29 10:16:38,726 - INFO - Analyse gestartet: Original_Signal
2025-08-29 10:16:38,735 - WARNING - Fehler beim Öffnen: Das Signal enthält keine Datenpunkte nach dem Schneiden. (File: ui, Line: 303, Function: on_open_file)
2025-08-29 10:18:46,393 - INFO - Datei erfolgreich geladen: C:/Users/simon/Seafile/Supercap Testing/Testing/Kyocera/25F/C_A3_DUT1_V1_Kyocera_Testaufbau_25F_08-07-2025.csv
2025-08-29 10:18:46,400 - INFO - Analyse gestartet: Original_Signal
2025-08-29 10:18:47,580 - INFO - Peak gefunden bei t=1880.310s, Wert=2.991
2025-08-29 10:19:02,399 - INFO - SignalData erfolgreich in C:/Users/simon/Seafile/Supercap Testing/Testing/Kyocera/25F\cut_data\C_A3_DUT1_V1_Kyocera_25F_cut.csv gespeichert.
2025-08-29 10:19:02,400 - INFO - Gespeichert: C:/Users/simon/Seafile/Supercap Testing/Testing/Kyocera/25F\cut_data\C_A3_DUT1_V1_Kyocera_25F_cut.csv
2025-08-29 10:19:11,382 - INFO - Datei erfolgreich geladen: C:/Users/simon/Seafile/Supercap Testing/Testing/Kyocera/25F/C_A3_DUT2_V1_Kyocera_Testaufbau_25F_08-07-2025.csv
2025-08-29 10:19:11,388 - INFO - Analyse gestartet: Original_Signal
2025-08-29 10:19:12,481 - INFO - Peak gefunden bei t=1875.660s, Wert=2.989
2025-08-29 10:19:33,820 - INFO - SignalData erfolgreich in C:/Users/simon/Seafile/Supercap Testing/Testing/Kyocera/25F\cut_data\C_A3_DUT2_V1_Kyocera_25F_cut.csv gespeichert.
2025-08-29 10:19:33,821 - INFO - Gespeichert: C:/Users/simon/Seafile/Supercap Testing/Testing/Kyocera/25F\cut_data\C_A3_DUT2_V1_Kyocera_25F_cut.csv
2025-08-29 10:19:55,772 - INFO - Datei erfolgreich geladen: C:/Users/simon/Seafile/Supercap Testing/Testing/Kyocera/25F/C_A3_DUT3_V1_Kyocera_Testaufbau_25F_08-07-2025.csv
2025-08-29 10:19:55,777 - INFO - Analyse gestartet: Original_Signal
2025-08-29 10:19:56,469 - INFO - Peak gefunden bei t=1949.260s, Wert=2.989
2025-08-29 10:20:05,924 - INFO - SignalData erfolgreich in C:/Users/simon/Seafile/Supercap Testing/Testing/Kyocera/25F\cut_data\C_A3_DUT3_V1_Kyocera_25F_cut.csv gespeichert.
2025-08-29 10:20:05,925 - INFO - Gespeichert: C:/Users/simon/Seafile/Supercap Testing/Testing/Kyocera/25F\cut_data\C_A3_DUT3_V1_Kyocera_25F_cut.csv
2025-08-29 10:20:13,480 - INFO - Datei erfolgreich geladen: C:/Users/simon/Seafile/Supercap Testing/Testing/Kyocera/25F/C_B1_DUT1_V1_Kyocera_Testaufbau_25F_02-07-2025.csv
2025-08-29 10:20:13,481 - INFO - Analyse gestartet: Original_Signal
2025-08-29 10:20:13,602 - INFO - Peak gefunden bei t=358.130s, Wert=2.983
2025-08-29 10:20:20,859 - INFO - SignalData erfolgreich in C:/Users/simon/Seafile/Supercap Testing/Testing/Kyocera/25F\cut_data\C_B1_DUT1_V1_Kyocera_25F_cut.csv gespeichert.
2025-08-29 10:20:20,860 - INFO - Gespeichert: C:/Users/simon/Seafile/Supercap Testing/Testing/Kyocera/25F\cut_data\C_B1_DUT1_V1_Kyocera_25F_cut.csv
2025-08-29 10:20:35,727 - INFO - Datei erfolgreich geladen: C:/Users/simon/Seafile/Supercap Testing/Testing/Kyocera/25F/C_B1_DUT2_V1_Kyocera_Testaufbau_25F_02-07-2025.csv
2025-08-29 10:20:35,729 - INFO - Analyse gestartet: Original_Signal
2025-08-29 10:20:35,850 - INFO - Peak gefunden bei t=331.420s, Wert=2.982
2025-08-29 10:20:42,512 - INFO - SignalData erfolgreich in C:/Users/simon/Seafile/Supercap Testing/Testing/Kyocera/25F\cut_data\C_B1_DUT2_V1_Kyocera_25F_cut.csv gespeichert.
2025-08-29 10:20:42,513 - INFO - Gespeichert: C:/Users/simon/Seafile/Supercap Testing/Testing/Kyocera/25F\cut_data\C_B1_DUT2_V1_Kyocera_25F_cut.csv
2025-08-29 10:20:49,503 - INFO - Datei erfolgreich geladen: C:/Users/simon/Seafile/Supercap Testing/Testing/Kyocera/25F/C_B1_DUT3_V1_Kyocera_Testaufbau_25F_02-07-2025.csv
2025-08-29 10:20:49,504 - INFO - Analyse gestartet: Original_Signal
2025-08-29 10:20:49,628 - INFO - Peak gefunden bei t=369.580s, Wert=2.985
2025-08-29 10:20:56,566 - INFO - SignalData erfolgreich in C:/Users/simon/Seafile/Supercap Testing/Testing/Kyocera/25F\cut_data\C_B1_DUT3_V1_Kyocera_25F_cut.csv gespeichert.
2025-08-29 10:20:56,566 - INFO - Gespeichert: C:/Users/simon/Seafile/Supercap Testing/Testing/Kyocera/25F\cut_data\C_B1_DUT3_V1_Kyocera_25F_cut.csv
2025-08-29 10:21:02,158 - INFO - Datei erfolgreich geladen: C:/Users/simon/Seafile/Supercap Testing/Testing/Kyocera/25F/ESR_A3_DUT1_V1_Kyocera_Testaufbau_25F_08-07-2025.csv
2025-08-29 10:21:02,163 - INFO - Analyse gestartet: Original_Signal
2025-08-29 10:21:02,392 - INFO - Peak gefunden bei t=1933.520s, Wert=2.990
2025-08-29 10:21:07,566 - INFO - SignalData erfolgreich in C:/Users/simon/Seafile/Supercap Testing/Testing/Kyocera/25F\cut_data\ESR_A3_DUT1_V1_Kyocera_25F_cut.csv gespeichert.
2025-08-29 10:21:07,567 - INFO - Gespeichert: C:/Users/simon/Seafile/Supercap Testing/Testing/Kyocera/25F\cut_data\ESR_A3_DUT1_V1_Kyocera_25F_cut.csv
2025-08-29 10:21:13,689 - INFO - Datei erfolgreich geladen: C:/Users/simon/Seafile/Supercap Testing/Testing/Kyocera/25F/ESR_A3_DUT2_V1_Kyocera_Testaufbau_25F_08-07-2025.csv
2025-08-29 10:21:13,694 - INFO - Analyse gestartet: Original_Signal
2025-08-29 10:21:14,108 - INFO - Peak gefunden bei t=1867.380s, Wert=2.989
2025-08-29 10:21:20,601 - INFO - SignalData erfolgreich in C:/Users/simon/Seafile/Supercap Testing/Testing/Kyocera/25F\cut_data\ESR_A3_DUT2_V1_Kyocera_25F_cut.csv gespeichert.
2025-08-29 10:21:20,602 - INFO - Gespeichert: C:/Users/simon/Seafile/Supercap Testing/Testing/Kyocera/25F\cut_data\ESR_A3_DUT2_V1_Kyocera_25F_cut.csv
2025-08-29 10:21:26,430 - INFO - Datei erfolgreich geladen: C:/Users/simon/Seafile/Supercap Testing/Testing/Kyocera/25F/ESR_A3_DUT3_V1_Kyocera_Testaufbau_25F_08-07-2025.csv
2025-08-29 10:21:26,435 - INFO - Analyse gestartet: Original_Signal
2025-08-29 10:21:26,649 - INFO - Peak gefunden bei t=1813.630s, Wert=2.990
2025-08-29 10:21:48,867 - INFO - SignalData erfolgreich in C:/Users/simon/Seafile/Supercap Testing/Testing/Kyocera/25F\cut_data\ESR_A3_DUT3_V1_Kyocera_25F_cut.csv gespeichert.
2025-08-29 10:21:48,868 - INFO - Gespeichert: C:/Users/simon/Seafile/Supercap Testing/Testing/Kyocera/25F\cut_data\ESR_A3_DUT3_V1_Kyocera_25F_cut.csv
2025-08-29 10:23:45,673 - INFO - SignalData erfolgreich in C:/Users/simon/Seafile/Supercap Testing/Testing/Kyocera/25F\cut_data\ESR_A3_DUT3_V1_Kyocera_25F_cut.csv gespeichert.
2025-08-29 10:23:45,673 - INFO - Gespeichert: C:/Users/simon/Seafile/Supercap Testing/Testing/Kyocera/25F\cut_data\ESR_A3_DUT3_V1_Kyocera_25F_cut.csv
2025-08-29 10:24:01,454 - INFO - Datei erfolgreich geladen: C:/Users/simon/Seafile/Supercap Testing/Testing/Kyocera/25F/C_A2_DUT1_V1_Kyocera_25F_07-08-2025.csv
2025-08-29 10:24:01,464 - INFO - Analyse gestartet: Original_Signal
2025-08-29 10:24:06,264 - INFO - Peak gefunden bei t=1863.730s, Wert=2.992
2025-08-29 10:24:29,269 - INFO - Analyse gestartet: Original_Signal
2025-08-29 10:24:33,864 - INFO - Peak gefunden bei t=1862.880s, Wert=2.994
2025-08-29 10:26:14,993 - INFO - SignalData erfolgreich in C:/Users/simon/Seafile/Supercap Testing/Testing/Kyocera/25F\cut_data\C_A2_DUT1_V1_Kyocera_25F_cut.csv gespeichert.
2025-08-29 10:26:14,994 - INFO - Gespeichert: C:/Users/simon/Seafile/Supercap Testing/Testing/Kyocera/25F\cut_data\C_A2_DUT1_V1_Kyocera_25F_cut.csv
2025-08-29 10:26:21,120 - INFO - Datei erfolgreich geladen: C:/Users/simon/Seafile/Supercap Testing/Testing/Kyocera/25F/C_A2_DUT2_V1_Kyocera_25F_11-08-2025.csv
2025-08-29 10:26:21,131 - INFO - Analyse gestartet: Original_Signal
2025-08-29 10:26:26,516 - INFO - Peak gefunden bei t=1874.930s, Wert=2.992
2025-08-29 10:27:26,907 - INFO - SignalData erfolgreich in C:/Users/simon/Seafile/Supercap Testing/Testing/Kyocera/25F\cut_data\C_A2_DUT2_V1_Kyocera_25F_cut.csv gespeichert.
2025-08-29 10:27:26,908 - INFO - Gespeichert: C:/Users/simon/Seafile/Supercap Testing/Testing/Kyocera/25F\cut_data\C_A2_DUT2_V1_Kyocera_25F_cut.csv
2025-08-29 10:27:33,689 - INFO - Datei erfolgreich geladen: C:/Users/simon/Seafile/Supercap Testing/Testing/Kyocera/25F/C_A2_DUT3_V1_Kyocera_25F_11-08-2025.csv
2025-08-29 10:27:33,700 - INFO - Analyse gestartet: Original_Signal
2025-08-29 10:27:38,944 - INFO - Peak gefunden bei t=1915.320s, Wert=2.993
2025-08-29 10:28:12,855 - INFO - SignalData erfolgreich in C:/Users/simon/Seafile/Supercap Testing/Testing/Kyocera/25F\cut_data\C_A2_DUT3_V1_Kyocera_25F_cut.csv gespeichert.
2025-08-29 10:28:12,855 - INFO - Gespeichert: C:/Users/simon/Seafile/Supercap Testing/Testing/Kyocera/25F\cut_data\C_A2_DUT3_V1_Kyocera_25F_cut.csv
2025-08-29 10:28:46,008 - INFO - Datei erfolgreich geladen: C:/Users/simon/Seafile/Supercap Testing/Testing/Maxwell/25F/C_A1_Class2_DUT1_V1_Maxwell_25F_31-07-2025.csv
2025-08-29 10:28:46,018 - INFO - Analyse gestartet: Original_Signal
2025-08-29 10:28:51,537 - INFO - Peak gefunden bei t=1841.110s, Wert=2.995
2025-08-29 10:31:47,306 - INFO - SignalData erfolgreich in C:/Users/simon/Seafile/Supercap Testing/Testing/Maxwell/25F\cut_data\C_A1_Class2_DUT1_V1_Maxwell_25F_cut.csv gespeichert.
2025-08-29 10:31:47,307 - INFO - Gespeichert: C:/Users/simon/Seafile/Supercap Testing/Testing/Maxwell/25F\cut_data\C_A1_Class2_DUT1_V1_Maxwell_25F_cut.csv
2025-08-29 10:31:56,196 - INFO - Datei erfolgreich geladen: C:/Users/simon/Seafile/Supercap Testing/Testing/Maxwell/25F/C_A1_Class2_DUT2_V1_Maxwell_25F_31-07-2025.csv
2025-08-29 10:31:56,207 - INFO - Analyse gestartet: Original_Signal
2025-08-29 10:32:02,226 - INFO - Peak gefunden bei t=1849.950s, Wert=2.988
2025-08-29 10:33:34,170 - INFO - SignalData erfolgreich in C:/Users/simon/Seafile/Supercap Testing/Testing/Maxwell/25F\cut_data\C_A1_Class2_DUT2_V1_Maxwell_25F_cut.csv gespeichert.
2025-08-29 10:33:34,170 - INFO - Gespeichert: C:/Users/simon/Seafile/Supercap Testing/Testing/Maxwell/25F\cut_data\C_A1_Class2_DUT2_V1_Maxwell_25F_cut.csv
2025-08-29 10:33:56,101 - INFO - Datei erfolgreich geladen: C:/Users/simon/Seafile/Supercap Testing/Testing/Maxwell/25F/C_A2_DUT3_V1_Maxwell_Testaufbau_25F_29-07-2025.csv
2025-08-29 10:33:56,110 - INFO - Analyse gestartet: Original_Signal
2025-08-29 10:34:00,922 - INFO - Peak gefunden bei t=1914.740s, Wert=2.995
2025-08-29 10:35:02,811 - INFO - SignalData erfolgreich in C:/Users/simon/Seafile/Supercap Testing/Testing/Maxwell/25F\cut_data\C_A2_DUT3_V1_Maxwell_25F_cut.csv gespeichert.
2025-08-29 10:35:02,812 - INFO - Gespeichert: C:/Users/simon/Seafile/Supercap Testing/Testing/Maxwell/25F\cut_data\C_A2_DUT3_V1_Maxwell_25F_cut.csv
2025-08-29 10:35:40,384 - INFO - Datei erfolgreich geladen: C:/Users/simon/Seafile/Supercap Testing/Testing/Maxwell/25F/C_A3_DUT1_V1_Maxwell_Testaufbau_25F_29-07-2025.csv
2025-08-29 10:35:40,393 - INFO - Analyse gestartet: Original_Signal
2025-08-29 10:35:41,321 - INFO - Peak gefunden bei t=1839.870s, Wert=2.994
2025-08-29 10:36:10,596 - INFO - Analyse gestartet: Original_Signal
2025-08-29 10:36:11,072 - INFO - Peak gefunden bei t=1839.870s, Wert=2.994
2025-08-29 10:36:26,326 - INFO - SignalData erfolgreich in C:/Users/simon/Seafile/Supercap Testing/Testing/Maxwell/25F\cut_data\C_A3_DUT1_V1_Maxwell_25F_cut.csv gespeichert.
2025-08-29 10:36:26,326 - INFO - Gespeichert: C:/Users/simon/Seafile/Supercap Testing/Testing/Maxwell/25F\cut_data\C_A3_DUT1_V1_Maxwell_25F_cut.csv
2025-08-29 10:36:36,319 - INFO - Datei erfolgreich geladen: C:/Users/simon/Seafile/Supercap Testing/Testing/Maxwell/25F/C_A3_DUT2_V1_Maxwell_Testaufbau_25F_29-07-2025.csv
2025-08-29 10:36:36,324 - INFO - Analyse gestartet: Original_Signal
2025-08-29 10:36:36,930 - INFO - Peak gefunden bei t=1841.990s, Wert=2.994
2025-08-29 10:36:45,845 - INFO - SignalData erfolgreich in C:/Users/simon/Seafile/Supercap Testing/Testing/Maxwell/25F\cut_data\C_A3_DUT2_V1_Maxwell_25F_cut.csv gespeichert.
2025-08-29 10:36:45,846 - INFO - Gespeichert: C:/Users/simon/Seafile/Supercap Testing/Testing/Maxwell/25F\cut_data\C_A3_DUT2_V1_Maxwell_25F_cut.csv
2025-08-29 10:36:57,921 - INFO - Datei erfolgreich geladen: C:/Users/simon/Seafile/Supercap Testing/Testing/Maxwell/25F/C_A3_DUT3_V1_Maxwell_Testaufbau_25F_29-07-2025.csv
2025-08-29 10:36:57,926 - INFO - Analyse gestartet: Original_Signal
2025-08-29 10:36:58,841 - INFO - Peak gefunden bei t=1848.620s, Wert=2.994
2025-08-29 10:37:08,993 - INFO - SignalData erfolgreich in C:/Users/simon/Seafile/Supercap Testing/Testing/Maxwell/25F\cut_data\C_A3_DUT3_V1_Maxwell_25F_cut.csv gespeichert.
2025-08-29 10:37:08,994 - INFO - Gespeichert: C:/Users/simon/Seafile/Supercap Testing/Testing/Maxwell/25F\cut_data\C_A3_DUT3_V1_Maxwell_25F_cut.csv
2025-08-29 10:37:15,485 - INFO - Datei erfolgreich geladen: C:/Users/simon/Seafile/Supercap Testing/Testing/Maxwell/25F/C_B1_DUT1_V1_Maxwell_Testaufbau_25F_29-07-2025.csv
2025-08-29 10:37:15,487 - INFO - Analyse gestartet: Original_Signal
2025-08-29 10:37:15,584 - INFO - Peak gefunden bei t=346.380s, Wert=2.995
2025-08-29 10:37:41,651 - INFO - SignalData erfolgreich in C:/Users/simon/Seafile/Supercap Testing/Testing/Maxwell/25F\cut_data\C_B1_DUT1_V1_Maxwell_25F_cut.csv gespeichert.
2025-08-29 10:37:41,651 - INFO - Gespeichert: C:/Users/simon/Seafile/Supercap Testing/Testing/Maxwell/25F\cut_data\C_B1_DUT1_V1_Maxwell_25F_cut.csv
2025-08-29 10:37:48,942 - INFO - Datei erfolgreich geladen: C:/Users/simon/Seafile/Supercap Testing/Testing/Maxwell/25F/C_B1_DUT2_V1_Maxwell_Testaufbau_25F_29-07-2025.csv
2025-08-29 10:37:48,944 - INFO - Analyse gestartet: Original_Signal
2025-08-29 10:37:49,033 - INFO - Peak gefunden bei t=356.010s, Wert=2.995
2025-08-29 10:37:57,113 - INFO - SignalData erfolgreich in C:/Users/simon/Seafile/Supercap Testing/Testing/Maxwell/25F\cut_data\C_B1_DUT2_V1_Maxwell_25F_cut.csv gespeichert.
2025-08-29 10:37:57,113 - INFO - Gespeichert: C:/Users/simon/Seafile/Supercap Testing/Testing/Maxwell/25F\cut_data\C_B1_DUT2_V1_Maxwell_25F_cut.csv
2025-08-29 10:38:09,855 - INFO - Datei erfolgreich geladen: C:/Users/simon/Seafile/Supercap Testing/Testing/Maxwell/25F/C_B1_DUT3_V1_Maxwell_Testaufbau_25F_29-07-2025.csv
2025-08-29 10:38:09,857 - INFO - Analyse gestartet: Original_Signal
2025-08-29 10:38:10,004 - INFO - Peak gefunden bei t=344.510s, Wert=2.994
2025-08-29 10:38:15,077 - INFO - SignalData erfolgreich in C:/Users/simon/Seafile/Supercap Testing/Testing/Maxwell/25F\cut_data\C_B1_DUT3_V1_Maxwell_25F_cut.csv gespeichert.
2025-08-29 10:38:15,078 - INFO - Gespeichert: C:/Users/simon/Seafile/Supercap Testing/Testing/Maxwell/25F\cut_data\C_B1_DUT3_V1_Maxwell_25F_cut.csv
2025-08-29 10:38:24,163 - INFO - Datei erfolgreich geladen: C:/Users/simon/Seafile/Supercap Testing/Testing/Maxwell/25F/ESR_A3_DUT1_V1_Maxwell_Testaufbau_25F_29-07-2025.csv
2025-08-29 10:38:24,168 - INFO - Analyse gestartet: Original_Signal
2025-08-29 10:38:24,363 - INFO - Peak gefunden bei t=1840.880s, Wert=2.994
2025-08-29 10:38:31,339 - INFO - SignalData erfolgreich in C:/Users/simon/Seafile/Supercap Testing/Testing/Maxwell/25F\cut_data\ESR_A3_DUT1_V1_Maxwell_25F_cut.csv gespeichert.
2025-08-29 10:38:31,340 - INFO - Gespeichert: C:/Users/simon/Seafile/Supercap Testing/Testing/Maxwell/25F\cut_data\ESR_A3_DUT1_V1_Maxwell_25F_cut.csv
2025-08-29 10:38:36,825 - INFO - Datei erfolgreich geladen: C:/Users/simon/Seafile/Supercap Testing/Testing/Maxwell/25F/ESR_A3_DUT2_V1_Maxwell_Testaufbau_25F_29-07-2025.csv
2025-08-29 10:38:36,830 - INFO - Analyse gestartet: Original_Signal
2025-08-29 10:38:37,065 - INFO - Peak gefunden bei t=1835.970s, Wert=2.993
2025-08-29 10:38:40,073 - INFO - SignalData erfolgreich in C:/Users/simon/Seafile/Supercap Testing/Testing/Maxwell/25F\cut_data\ESR_A3_DUT2_V1_Maxwell_25F_cut.csv gespeichert.
2025-08-29 10:38:40,074 - INFO - Gespeichert: C:/Users/simon/Seafile/Supercap Testing/Testing/Maxwell/25F\cut_data\ESR_A3_DUT2_V1_Maxwell_25F_cut.csv
2025-08-29 10:38:49,215 - INFO - Datei erfolgreich geladen: C:/Users/simon/Seafile/Supercap Testing/Testing/Maxwell/25F/ESR_A3_DUT3_V1_Maxwell_Testaufbau_25F_29-07-2025.csv
2025-08-29 10:38:49,220 - INFO - Analyse gestartet: Original_Signal
2025-08-29 10:38:49,438 - INFO - Peak gefunden bei t=1837.830s, Wert=2.993
2025-08-29 10:38:55,694 - INFO - SignalData erfolgreich in C:/Users/simon/Seafile/Supercap Testing/Testing/Maxwell/25F\cut_data\ESR_A3_DUT3_V1_Maxwell_25F_cut.csv gespeichert.
2025-08-29 10:38:55,695 - INFO - Gespeichert: C:/Users/simon/Seafile/Supercap Testing/Testing/Maxwell/25F\cut_data\ESR_A3_DUT3_V1_Maxwell_25F_cut.csv
2025-08-29 10:40:51,393 - INFO - Datei erfolgreich geladen: C:/Users/simon/Seafile/Supercap Testing/Testing/Eaton/25F/C_A4_DUT1_V1_EATON_Testaufbau_25F_01-07-2025.csv
2025-08-29 10:40:51,398 - INFO - Analyse gestartet: Original_Signal
2025-08-29 10:40:51,653 - INFO - Peak gefunden bei t=1832.840s, Wert=2.986
2025-08-29 10:41:30,025 - INFO - SignalData erfolgreich in C:/Users/simon/Seafile/Supercap Testing/Testing/Eaton/25F\cut_data\C_A4_DUT1_V1_EATON_25F_cut.csv gespeichert.
2025-08-29 10:41:30,026 - INFO - Gespeichert: C:/Users/simon/Seafile/Supercap Testing/Testing/Eaton/25F\cut_data\C_A4_DUT1_V1_EATON_25F_cut.csv
2025-08-29 10:41:35,616 - INFO - Datei erfolgreich geladen: C:/Users/simon/Seafile/Supercap Testing/Testing/Eaton/25F/C_A4_DUT2_V1_EATON_Testaufbau_25F_01-07-2025.csv
2025-08-29 10:41:35,621 - INFO - Analyse gestartet: Original_Signal
2025-08-29 10:41:35,867 - INFO - Peak gefunden bei t=1832.910s, Wert=2.987
2025-08-29 10:41:55,777 - INFO - SignalData erfolgreich in C:/Users/simon/Seafile/Supercap Testing/Testing/Eaton/25F\cut_data\C_A4_DUT2_V1_EATON_25F_cut.csv gespeichert.
2025-08-29 10:41:55,778 - INFO - Gespeichert: C:/Users/simon/Seafile/Supercap Testing/Testing/Eaton/25F\cut_data\C_A4_DUT2_V1_EATON_25F_cut.csv
2025-08-29 10:42:04,367 - INFO - Datei erfolgreich geladen: C:/Users/simon/Seafile/Supercap Testing/Testing/Eaton/25F/C_A4_DUT3_V1_EATON_Testaufbau_25F_01-07-2025.csv
2025-08-29 10:42:04,372 - INFO - Analyse gestartet: Original_Signal
2025-08-29 10:42:04,582 - INFO - Peak gefunden bei t=1849.960s, Wert=2.986
2025-08-29 10:42:13,769 - INFO - SignalData erfolgreich in C:/Users/simon/Seafile/Supercap Testing/Testing/Eaton/25F\cut_data\C_A4_DUT3_V1_EATON_25F_cut.csv gespeichert.
2025-08-29 10:42:13,769 - INFO - Gespeichert: C:/Users/simon/Seafile/Supercap Testing/Testing/Eaton/25F\cut_data\C_A4_DUT3_V1_EATON_25F_cut.csv
2025-08-29 10:42:21,562 - INFO - Datei erfolgreich geladen: C:/Users/simon/Seafile/Supercap Testing/Testing/Eaton/25F/C_B1_DUT1_V1_EATON_Testaufbau_25F_01-07-2025.csv
2025-08-29 10:42:21,564 - INFO - Analyse gestartet: Original_Signal
2025-08-29 10:42:21,652 - INFO - Peak gefunden bei t=345.800s, Wert=2.988
2025-08-29 10:43:45,590 - INFO - SignalData erfolgreich in C:/Users/simon/Seafile/Supercap Testing/Testing/Eaton/25F\cut_data\C_B1_DUT1_V1_EATON_25F_cut.csv gespeichert.
2025-08-29 10:43:45,590 - INFO - Gespeichert: C:/Users/simon/Seafile/Supercap Testing/Testing/Eaton/25F\cut_data\C_B1_DUT1_V1_EATON_25F_cut.csv
2025-08-29 10:43:52,218 - INFO - Datei erfolgreich geladen: C:/Users/simon/Seafile/Supercap Testing/Testing/Eaton/25F/C_B1_DUT2_V1_EATON_Testaufbau_25F_01-07-2025.csv
2025-08-29 10:43:52,220 - INFO - Analyse gestartet: Original_Signal
2025-08-29 10:43:52,407 - INFO - Peak gefunden bei t=340.720s, Wert=2.986
2025-08-29 10:43:55,365 - INFO - SignalData erfolgreich in C:/Users/simon/Seafile/Supercap Testing/Testing/Eaton/25F\cut_data\C_B1_DUT2_V1_EATON_25F_cut.csv gespeichert.
2025-08-29 10:43:55,365 - INFO - Gespeichert: C:/Users/simon/Seafile/Supercap Testing/Testing/Eaton/25F\cut_data\C_B1_DUT2_V1_EATON_25F_cut.csv
2025-08-29 10:44:35,595 - INFO - Datei erfolgreich geladen: C:/Users/simon/Seafile/Supercap Testing/Testing/Eaton/25F/C_B1_DUT3_V1_EATON_Testaufbau_25F_01-07-2025.csv
2025-08-29 10:44:35,597 - INFO - Analyse gestartet: Original_Signal
2025-08-29 10:44:35,691 - INFO - Peak gefunden bei t=343.370s, Wert=2.986
2025-08-29 10:44:39,948 - INFO - SignalData erfolgreich in C:/Users/simon/Seafile/Supercap Testing/Testing/Eaton/25F\cut_data\C_B1_DUT3_V1_EATON_25F_cut.csv gespeichert.
2025-08-29 10:44:39,949 - INFO - Gespeichert: C:/Users/simon/Seafile/Supercap Testing/Testing/Eaton/25F\cut_data\C_B1_DUT3_V1_EATON_25F_cut.csv
2025-08-29 10:44:45,539 - INFO - Datei erfolgreich geladen: C:/Users/simon/Seafile/Supercap Testing/Testing/Eaton/25F/ESR_A2_DUT1_V1_EATON_Testaufbau_25F_01-07-2025.csv
2025-08-29 10:44:45,545 - INFO - Analyse gestartet: Original_Signal
2025-08-29 10:44:46,303 - INFO - Peak gefunden bei t=1829.450s, Wert=2.988
2025-08-29 10:44:55,061 - INFO - SignalData erfolgreich in C:/Users/simon/Seafile/Supercap Testing/Testing/Eaton/25F\cut_data\ESR_A2_DUT1_V1_EATON_25F_cut.csv gespeichert.
2025-08-29 10:44:55,061 - INFO - Gespeichert: C:/Users/simon/Seafile/Supercap Testing/Testing/Eaton/25F\cut_data\ESR_A2_DUT1_V1_EATON_25F_cut.csv
2025-08-29 10:45:00,897 - INFO - Datei erfolgreich geladen: C:/Users/simon/Seafile/Supercap Testing/Testing/Eaton/25F/ESR_A2_DUT2_V1_EATON_Testaufbau_25F_01-07-2025.csv
2025-08-29 10:45:00,902 - INFO - Analyse gestartet: Original_Signal
2025-08-29 10:45:01,536 - INFO - Peak gefunden bei t=1813.220s, Wert=2.988
2025-08-29 10:45:08,043 - INFO - SignalData erfolgreich in C:/Users/simon/Seafile/Supercap Testing/Testing/Eaton/25F\cut_data\ESR_A2_DUT2_V1_EATON_25F_cut.csv gespeichert.
2025-08-29 10:45:08,043 - INFO - Gespeichert: C:/Users/simon/Seafile/Supercap Testing/Testing/Eaton/25F\cut_data\ESR_A2_DUT2_V1_EATON_25F_cut.csv
2025-08-29 10:45:13,096 - INFO - Datei erfolgreich geladen: C:/Users/simon/Seafile/Supercap Testing/Testing/Eaton/25F/ESR_A2_DUT3_V1_EATON_Testaufbau_25F_01-07-2025.csv
2025-08-29 10:45:13,101 - INFO - Analyse gestartet: Original_Signal
2025-08-29 10:45:13,818 - INFO - Peak gefunden bei t=1864.310s, Wert=2.986
2025-08-29 10:45:21,300 - INFO - SignalData erfolgreich in C:/Users/simon/Seafile/Supercap Testing/Testing/Eaton/25F\cut_data\ESR_A2_DUT3_V1_EATON_25F_cut.csv gespeichert.
2025-08-29 10:45:21,301 - INFO - Gespeichert: C:/Users/simon/Seafile/Supercap Testing/Testing/Eaton/25F\cut_data\ESR_A2_DUT3_V1_EATON_25F_cut.csv
2025-08-29 10:45:28,958 - INFO - Datei erfolgreich geladen: C:/Users/simon/Seafile/Supercap Testing/Testing/Eaton/25F/ESR_A4_DUT1_V1_EATON_Testaufbau_25F_01-07-2025.csv
2025-08-29 10:45:28,963 - INFO - Analyse gestartet: Original_Signal
2025-08-29 10:45:29,163 - INFO - Peak gefunden bei t=1830.790s, Wert=2.985
2025-08-29 10:46:19,888 - INFO - Analyse gestartet: Original_Signal
2025-08-29 10:46:20,047 - INFO - Peak gefunden bei t=1830.790s, Wert=2.985
2025-08-29 10:46:44,830 - INFO - Datei erfolgreich geladen: C:/Users/simon/Seafile/Supercap Testing/Testing/Eaton/25F/C_A2_DUT1_V1_Eaton_25F_06-08-2025.csv
2025-08-29 10:46:44,840 - INFO - Analyse gestartet: Original_Signal
2025-08-29 10:46:49,583 - INFO - Peak gefunden bei t=1838.320s, Wert=2.989
2025-08-29 10:48:13,128 - INFO - SignalData erfolgreich in C:/Users/simon/Seafile/Supercap Testing/Testing/Eaton/25F\cut_data\C_A2_DUT1_V1_Eaton_25F_cut.csv gespeichert.
2025-08-29 10:48:13,128 - INFO - Gespeichert: C:/Users/simon/Seafile/Supercap Testing/Testing/Eaton/25F\cut_data\C_A2_DUT1_V1_Eaton_25F_cut.csv
2025-08-29 10:48:19,462 - INFO - Datei erfolgreich geladen: C:/Users/simon/Seafile/Supercap Testing/Testing/Eaton/25F/C_A2_DUT2_V1_Eaton_25F_06-08-2025.csv
2025-08-29 10:48:19,473 - INFO - Analyse gestartet: Original_Signal
2025-08-29 10:48:24,750 - INFO - Peak gefunden bei t=1836.520s, Wert=2.990
2025-08-29 10:54:41,688 - INFO - SignalData erfolgreich in C:/Users/simon/Seafile/Supercap Testing/Testing/Eaton/25F\cut_data\C_A2_DUT2_V1_Eaton_25F_cut.csv gespeichert.
2025-08-29 10:54:41,689 - INFO - Gespeichert: C:/Users/simon/Seafile/Supercap Testing/Testing/Eaton/25F\cut_data\C_A2_DUT2_V1_Eaton_25F_cut.csv
2025-08-29 10:54:47,666 - INFO - Datei erfolgreich geladen: C:/Users/simon/Seafile/Supercap Testing/Testing/Eaton/25F/C_A2_DUT3_V1_Eaton_25F_06-08-2025.csv
2025-08-29 10:54:47,680 - INFO - Analyse gestartet: Original_Signal
2025-08-29 10:54:52,890 - INFO - Peak gefunden bei t=1834.150s, Wert=2.994
2025-08-29 10:58:24,767 - INFO - SignalData erfolgreich in C:/Users/simon/Seafile/Supercap Testing/Testing/Eaton/25F\cut_data\C_A2_DUT3_V1_Eaton_25F_cut.csv gespeichert.
2025-08-29 10:58:24,767 - INFO - Gespeichert: C:/Users/simon/Seafile/Supercap Testing/Testing/Eaton/25F\cut_data\C_A2_DUT3_V1_Eaton_25F_cut.csv
2025-08-29 10:58:36,496 - INFO - Datei erfolgreich geladen: C:/Users/simon/Seafile/Supercap Testing/Testing/Sech/25F/C_A2_DUT1_V1_Sech_25F_06-08-2025.csv
2025-08-29 10:58:36,507 - INFO - Analyse gestartet: Original_Signal
2025-08-29 10:58:41,700 - INFO - Peak gefunden bei t=1847.610s, Wert=2.990
2025-08-29 10:59:42,112 - INFO - SignalData erfolgreich in C:/Users/simon/Seafile/Supercap Testing/Testing/Sech/25F\cut_data\C_A2_DUT1_V1_Sech_25F_cut.csv gespeichert.
2025-08-29 10:59:42,112 - INFO - Gespeichert: C:/Users/simon/Seafile/Supercap Testing/Testing/Sech/25F\cut_data\C_A2_DUT1_V1_Sech_25F_cut.csv
2025-08-29 10:59:50,081 - INFO - Datei erfolgreich geladen: C:/Users/simon/Seafile/Supercap Testing/Testing/Sech/25F/C_A2_DUT2_V1_Sech_25F_07-08-2025.csv
2025-08-29 10:59:50,094 - INFO - Analyse gestartet: Original_Signal
2025-08-29 10:59:55,278 - INFO - Peak gefunden bei t=1846.090s, Wert=2.993
2025-08-29 11:02:41,427 - INFO - SignalData erfolgreich in C:/Users/simon/Seafile/Supercap Testing/Testing/Sech/25F\cut_data\C_A2_DUT2_V1_Sech_25F_cut.csv gespeichert.
2025-08-29 11:02:41,428 - INFO - Gespeichert: C:/Users/simon/Seafile/Supercap Testing/Testing/Sech/25F\cut_data\C_A2_DUT2_V1_Sech_25F_cut.csv
2025-08-29 11:03:02,669 - INFO - Datei erfolgreich geladen: C:/Users/simon/Seafile/Supercap Testing/Testing/Sech/25F/C_A2_DUT3_V1_Sech_25F_07-08-2025.csv
2025-08-29 11:03:02,679 - INFO - Analyse gestartet: Original_Signal
2025-08-29 11:03:07,341 - INFO - Peak gefunden bei t=1836.560s, Wert=2.994
2025-08-29 11:03:36,493 - INFO - SignalData erfolgreich in C:/Users/simon/Seafile/Supercap Testing/Testing/Sech/25F\cut_data\C_A2_DUT3_V1_Sech_25F_cut.csv gespeichert.
2025-08-29 11:03:36,493 - INFO - Gespeichert: C:/Users/simon/Seafile/Supercap Testing/Testing/Sech/25F\cut_data\C_A2_DUT3_V1_Sech_25F_cut.csv
2025-08-29 11:03:42,123 - INFO - Datei erfolgreich geladen: C:/Users/simon/Seafile/Supercap Testing/Testing/Sech/25F/C_A4_DUT1_V1_SECH_Testaufbau_25F_02-07-2025.csv
2025-08-29 11:03:42,129 - INFO - Analyse gestartet: Original_Signal
2025-08-29 11:03:42,372 - INFO - Peak gefunden bei t=1842.870s, Wert=2.985
2025-08-29 11:03:50,558 - INFO - Analyse gestartet: Original_Signal
2025-08-29 11:03:50,711 - INFO - Peak gefunden bei t=1842.870s, Wert=2.985
2025-08-29 11:03:54,701 - INFO - SignalData erfolgreich in C:/Users/simon/Seafile/Supercap Testing/Testing/Sech/25F\cut_data\C_A4_DUT1_V1_SECH_25F_cut.csv gespeichert.
2025-08-29 11:03:54,701 - INFO - Gespeichert: C:/Users/simon/Seafile/Supercap Testing/Testing/Sech/25F\cut_data\C_A4_DUT1_V1_SECH_25F_cut.csv
2025-08-29 11:04:01,403 - INFO - Datei erfolgreich geladen: C:/Users/simon/Seafile/Supercap Testing/Testing/Sech/25F/C_A4_DUT2_V1_SECH_Testaufbau_25F_02-07-2025.csv
2025-08-29 11:04:01,408 - INFO - Analyse gestartet: Original_Signal
2025-08-29 11:04:01,788 - INFO - Peak gefunden bei t=1848.770s, Wert=2.987
2025-08-29 11:04:06,659 - INFO - SignalData erfolgreich in C:/Users/simon/Seafile/Supercap Testing/Testing/Sech/25F\cut_data\C_A4_DUT2_V1_SECH_25F_cut.csv gespeichert.
2025-08-29 11:04:06,660 - INFO - Gespeichert: C:/Users/simon/Seafile/Supercap Testing/Testing/Sech/25F\cut_data\C_A4_DUT2_V1_SECH_25F_cut.csv
2025-08-29 11:04:12,948 - INFO - Datei erfolgreich geladen: C:/Users/simon/Seafile/Supercap Testing/Testing/Sech/25F/C_A4_DUT3_V1_SECH_Testaufbau_25F_02-07-2025.csv
2025-08-29 11:04:12,952 - INFO - Analyse gestartet: Original_Signal
2025-08-29 11:04:13,207 - INFO - Peak gefunden bei t=1855.870s, Wert=2.987
2025-08-29 11:04:19,255 - INFO - SignalData erfolgreich in C:/Users/simon/Seafile/Supercap Testing/Testing/Sech/25F\cut_data\C_A4_DUT3_V1_SECH_25F_cut.csv gespeichert.
2025-08-29 11:04:19,255 - INFO - Gespeichert: C:/Users/simon/Seafile/Supercap Testing/Testing/Sech/25F\cut_data\C_A4_DUT3_V1_SECH_25F_cut.csv
2025-08-29 11:04:40,400 - INFO - Datei erfolgreich geladen: C:/Users/simon/Seafile/Supercap Testing/Testing/Sech/25F/C_B1_DUT1_V1_SECH_Testaufbau_25F_01-07-2025.csv
2025-08-29 11:04:40,402 - INFO - Analyse gestartet: Original_Signal
2025-08-29 11:04:40,518 - INFO - Peak gefunden bei t=327.870s, Wert=2.984
2025-08-29 11:04:58,295 - INFO - SignalData erfolgreich in C:/Users/simon/Seafile/Supercap Testing/Testing/Sech/25F\cut_data\C_B1_DUT1_V1_SECH_25F_cut.csv gespeichert.
2025-08-29 11:04:58,296 - INFO - Gespeichert: C:/Users/simon/Seafile/Supercap Testing/Testing/Sech/25F\cut_data\C_B1_DUT1_V1_SECH_25F_cut.csv
2025-08-29 11:05:07,937 - INFO - Datei erfolgreich geladen: C:/Users/simon/Seafile/Supercap Testing/Testing/Sech/25F/C_B1_DUT2_V1_SECH_Testaufbau_25F_01-07-2025.csv
2025-08-29 11:05:07,938 - INFO - Analyse gestartet: Original_Signal
2025-08-29 11:05:08,066 - INFO - Peak gefunden bei t=346.280s, Wert=2.985
2025-08-29 11:05:36,440 - INFO - SignalData erfolgreich in C:/Users/simon/Seafile/Supercap Testing/Testing/Sech/25F\cut_data\C_B1_DUT2_V1_SECH_25F_cut.csv gespeichert.
2025-08-29 11:05:36,441 - INFO - Gespeichert: C:/Users/simon/Seafile/Supercap Testing/Testing/Sech/25F\cut_data\C_B1_DUT2_V1_SECH_25F_cut.csv
2025-08-29 11:06:01,095 - INFO - Datei erfolgreich geladen: C:/Users/simon/Seafile/Supercap Testing/Testing/Sech/25F/C_B1_DUT3_V1_SECH_Testaufbau_25F_01-07-2025.csv
2025-08-29 11:06:01,098 - INFO - Analyse gestartet: Original_Signal
2025-08-29 11:06:01,224 - INFO - Peak gefunden bei t=347.160s, Wert=2.983
2025-08-29 11:06:17,694 - INFO - SignalData erfolgreich in C:/Users/simon/Seafile/Supercap Testing/Testing/Sech/25F\cut_data\C_B1_DUT3_V1_SECH_25F_cut.csv gespeichert.
2025-08-29 11:06:17,694 - INFO - Gespeichert: C:/Users/simon/Seafile/Supercap Testing/Testing/Sech/25F\cut_data\C_B1_DUT3_V1_SECH_25F_cut.csv
2025-08-29 11:06:23,166 - INFO - Datei erfolgreich geladen: C:/Users/simon/Seafile/Supercap Testing/Testing/Sech/25F/ESR_A2_DUT1_V1_SECH_Testaufbau_25F_02-07-2025.csv
2025-08-29 11:06:23,171 - INFO - Analyse gestartet: Original_Signal
2025-08-29 11:06:23,793 - INFO - Peak gefunden bei t=1845.050s, Wert=2.988
2025-08-29 11:06:32,911 - INFO - SignalData erfolgreich in C:/Users/simon/Seafile/Supercap Testing/Testing/Sech/25F\cut_data\ESR_A2_DUT1_V1_SECH_25F_cut.csv gespeichert.
2025-08-29 11:06:32,912 - INFO - Gespeichert: C:/Users/simon/Seafile/Supercap Testing/Testing/Sech/25F\cut_data\ESR_A2_DUT1_V1_SECH_25F_cut.csv
2025-08-29 11:06:37,553 - INFO - Datei erfolgreich geladen: C:/Users/simon/Seafile/Supercap Testing/Testing/Sech/25F/ESR_A2_DUT2_V1_SECH_Testaufbau_25F_02-07-2025.csv
2025-08-29 11:06:37,559 - INFO - Analyse gestartet: Original_Signal
2025-08-29 11:06:38,185 - INFO - Peak gefunden bei t=1858.920s, Wert=2.987
2025-08-29 11:06:44,963 - INFO - SignalData erfolgreich in C:/Users/simon/Seafile/Supercap Testing/Testing/Sech/25F\cut_data\ESR_A2_DUT2_V1_SECH_25F_cut.csv gespeichert.
2025-08-29 11:06:44,964 - INFO - Gespeichert: C:/Users/simon/Seafile/Supercap Testing/Testing/Sech/25F\cut_data\ESR_A2_DUT2_V1_SECH_25F_cut.csv
2025-08-29 11:06:52,509 - INFO - Datei erfolgreich geladen: C:/Users/simon/Seafile/Supercap Testing/Testing/Sech/25F/ESR_A2_DUT3_V1_SECH_Testaufbau_25F_02-07-2025.csv
2025-08-29 11:06:52,514 - INFO - Analyse gestartet: Original_Signal
2025-08-29 11:06:53,175 - INFO - Peak gefunden bei t=1845.670s, Wert=2.986
2025-08-29 11:07:07,597 - INFO - SignalData erfolgreich in C:/Users/simon/Seafile/Supercap Testing/Testing/Sech/25F\cut_data\ESR_A2_DUT3_V1_SECH_25F_cut.csv gespeichert.
2025-08-29 11:07:07,598 - INFO - Gespeichert: C:/Users/simon/Seafile/Supercap Testing/Testing/Sech/25F\cut_data\ESR_A2_DUT3_V1_SECH_25F_cut.csv
2025-08-29 11:07:14,260 - INFO - SignalData erfolgreich in C:/Users/simon/Seafile/Supercap Testing/Testing/Sech/25F\cut_data\ESR_A2_DUT3_V1_SECH_25F_cut.csv gespeichert.
2025-08-29 11:07:14,260 - INFO - Gespeichert: C:/Users/simon/Seafile/Supercap Testing/Testing/Sech/25F\cut_data\ESR_A2_DUT3_V1_SECH_25F_cut.csv
2025-09-03 12:18:00,249 - INFO - Datei erfolgreich geladen: C:/Users/rodi9/Dropbox/InstitutGR/HESS4MRA/Testing/Supercap Testing/Testing/Maxwell/25F/C_A3_DUT1_V1_Maxwell_Testaufbau_25F_29-07-2025.csv
2025-09-03 12:18:00,253 - INFO - Analyse gestartet: Original_Signal
2025-09-03 12:18:00,723 - INFO - Peak gefunden bei t=1839.870s, Wert=2.994
2025-09-03 12:19:26,272 - INFO - Datei erfolgreich geladen: C:/Users/rodi9/Dropbox/InstitutGR/HESS4MRA/Testing/Supercap Testing/Testing/WürthElektronik/25F/C_B1_DUT1_V1_WuerthElektronik_Testaufbau_25F_02-07-2025.csv
2025-09-03 12:19:26,273 - INFO - Analyse gestartet: Original_Signal
2025-09-03 12:19:26,278 - WARNING - Fehler beim Öffnen: Das Signal enthält keine Datenpunkte nach dem Schneiden. (File: ui, Line: 303, Function: on_open_file)
2025-09-03 12:19:39,107 - INFO - Analyse gestartet: Original_Signal
2025-09-03 12:19:39,175 - INFO - Peak gefunden bei t=341.110s, Wert=2.683
2025-09-03 12:19:48,098 - INFO - Datei erfolgreich geladen: C:/Users/rodi9/Dropbox/InstitutGR/HESS4MRA/Testing/Supercap Testing/Testing/WürthElektronik/25F/C_A2_DUT1_V1_WuerthElektronik_Testaufbau_25F_30-07-2025.csv
2025-09-03 12:19:48,108 - INFO - Analyse gestartet: Original_Signal
2025-09-03 12:19:52,280 - INFO - Peak gefunden bei t=1862.560s, Wert=2.684
2025-11-19 12:38:48,541 - INFO - Datei erfolgreich geladen: C:/Users/rodi9/Downloads/ESR_A2_Class2_DUT5_V1_Vishay_50.csv
2025-11-19 12:38:48,545 - INFO - Analyse gestartet: Original_Signal
2025-11-19 12:38:49,399 - INFO - Peak gefunden bei t=1933.300s, Wert=2.987
2025-11-19 12:38:49,467 - WARNING - Konnte Dateiname-Infos nicht extrahieren: cannot access local variable 'capacitance' where it is not associated with a value (File: ui, Line: 548, Function: _collect_fileinfo)
2025-11-19 12:38:49,474 - WARNING - Keine passenden Keys gefunden (manuf='', cap='') (File: ui, Line: 580, Function: _compute_calcinfo)
2025-11-20 16:21:03,389 - INFO - Datei erfolgreich geladen: C:/Users/rodi9/Documents/github_repos/CapMeasurementSystem/samples/C_A2_DUT1_V1_Vishay_Testaufbau_50F_10-11-2025.csv
2025-11-20 16:21:03,418 - INFO - Analyse gestartet: Original_Signal
2025-11-20 16:21:11,341 - INFO - Peak gefunden bei t=1864.170s, Wert=2.961
2025-11-20 16:21:25,310 - INFO - Datei erfolgreich geladen: C:/Users/rodi9/Documents/github_repos/CapMeasurementSystem/samples/ESR_A2_Class2_DUT5_V1_Vishay_50.csv
2025-11-20 16:21:25,314 - INFO - Analyse gestartet: Original_Signal
2025-11-20 16:21:26,116 - INFO - Peak gefunden bei t=1933.300s, Wert=2.987
2025-11-20 16:21:26,194 - WARNING - Konnte Dateiname-Infos nicht extrahieren: cannot access local variable 'capacitance' where it is not associated with a value (File: ui, Line: 548, Function: _collect_fileinfo)
2025-11-20 16:21:26,200 - WARNING - Keine passenden Keys gefunden (manuf='', cap='') (File: ui, Line: 580, Function: _compute_calcinfo)
2025-11-20 16:22:01,468 - INFO - Datei erfolgreich geladen: C:/Users/rodi9/Documents/github_repos/CapMeasurementSystem/samples/C_A2_DUT1_V1_Vishay_Testaufbau_50F_10-11-2025.csv
2025-11-20 16:22:01,482 - INFO - Analyse gestartet: Original_Signal
2025-11-20 16:22:07,805 - INFO - Peak gefunden bei t=1864.170s, Wert=2.961
2025-11-20 16:23:16,091 - INFO - Datei erfolgreich geladen: C:/Users/rodi9/Documents/github_repos/CapMeasurementSystem/samples/C_A2_DUT1_V1_Vishay_Testaufbau_50F_10-11-2025.csv
2025-11-20 16:23:16,103 - INFO - Zustandsignal in der Datei gefunden und geladen.
2025-11-20 16:23:16,108 - INFO - Analyse gestartet: Original_Signal
2025-11-20 16:23:23,370 - INFO - Peak gefunden bei t=1864.170s, Wert=2.961
2025-11-25 10:07:38,949 - ERROR - Datei nicht gefunden: c:\Users\rodi9\Documents\github_repos\CapMeasurementSystem\processed_measurements\full_csv\C_A1_Class2_DUT1_V1_Vishay_50.csv (File: signal_transformations, Line: 48, Function: load_data)
2025-11-25 10:07:38,950 - CRITICAL - Unbehandelte Ausnahme (File: log, Line: 22, Function: handle_exception)
Traceback (most recent call last):
  File "c:\Users\rodi9\Documents\github_repos\CapMeasurementSystem\state_from_state_signal.py", line 19, in <module>
    signal, state_signal = load_signal(file, "Original Signal")
                           ~~~~~~~~~~~^^^^^^^^^^^^^^^^^^^^^^^^^
  File "c:\Users\rodi9\Documents\github_repos\CapMeasurementSystem\io_ops.py", line 12, in load_signal
    data_loader = SignalDataLoader(file_path=file_path, name='Original_Signal', sampling_interval=sampling_interval)
  File "c:\Users\rodi9\Documents\github_repos\CapMeasurementSystem\signal_transformations.py", line 14, in __init__
    self.signal_data, self.state_signal_data = self.load_data(name)
                                               ~~~~~~~~~~~~~~^^^^^^
  File "c:\Users\rodi9\Documents\github_repos\CapMeasurementSystem\signal_transformations.py", line 19, in load_data
    df = read_csv(
        self.file_path,
    ...<3 lines>...
        skipinitialspace=True
    )
  File "C:\Users\rodi9\Documents\github_repos\CapMeasurementSystem\venv\Lib\site-packages\pandas\io\parsers\readers.py", line 1026, in read_csv
    return _read(filepath_or_buffer, kwds)
  File "C:\Users\rodi9\Documents\github_repos\CapMeasurementSystem\venv\Lib\site-packages\pandas\io\parsers\readers.py", line 620, in _read
    parser = TextFileReader(filepath_or_buffer, **kwds)
  File "C:\Users\rodi9\Documents\github_repos\CapMeasurementSystem\venv\Lib\site-packages\pandas\io\parsers\readers.py", line 1620, in __init__
    self._engine = self._make_engine(f, self.engine)
                   ~~~~~~~~~~~~~~~~~^^^^^^^^^^^^^^^^
  File "C:\Users\rodi9\Documents\github_repos\CapMeasurementSystem\venv\Lib\site-packages\pandas\io\parsers\readers.py", line 1880, in _make_engine
    self.handles = get_handle(
                   ~~~~~~~~~~^
        f,
        ^^
    ...<6 lines>...
        storage_options=self.options.get("storage_options", None),
        ^^^^^^^^^^^^^^^^^^^^^^^^^^^^^^^^^^^^^^^^^^^^^^^^^^^^^^^^^^
    )
    ^
  File "C:\Users\rodi9\Documents\github_repos\CapMeasurementSystem\venv\Lib\site-packages\pandas\io\common.py", line 873, in get_handle
    handle = open(
        handle,
    ...<3 lines>...
        newline="",
    )
FileNotFoundError: [Errno 2] No such file or directory: 'c:\\Users\\rodi9\\Documents\\github_repos\\CapMeasurementSystem\\processed_measurements\\full_csv\\C_A1_Class2_DUT1_V1_Vishay_50.csv'
2025-11-25 10:09:05,183 - ERROR - Fehler beim Laden der Datei c:\Users\rodi9\Documents\github_repos\CapMeasurementSystem\samples\C_A2_DUT1_V1_Vishay_Testaufbau_50F_10-11-2025.csv: The 'out' kwarg is necessary when using the string multiply ufunc directly. Use numpy.strings.multiply to multiply strings without specifying 'out'. (File: signal_transformations, Line: 51, Function: load_data)
Traceback (most recent call last):
  File "c:\Users\rodi9\Documents\github_repos\CapMeasurementSystem\signal_transformations.py", line 32, in load_data
    time = arange(len(value_series)) * self.sampling_interval
           ~~~~~~~~~~~~~~~~~~~~~~~~~~^~~~~~~~~~~~~~~~~~~~~~~~
TypeError: The 'out' kwarg is necessary when using the string multiply ufunc directly. Use numpy.strings.multiply to multiply strings without specifying 'out'.
2025-11-25 10:09:05,185 - CRITICAL - Unbehandelte Ausnahme (File: log, Line: 22, Function: handle_exception)
Traceback (most recent call last):
  File "c:\Users\rodi9\Documents\github_repos\CapMeasurementSystem\state_from_state_signal.py", line 19, in <module>
    signal, state_signal = load_signal(file, "Original Signal")
                           ~~~~~~~~~~~^^^^^^^^^^^^^^^^^^^^^^^^^
  File "c:\Users\rodi9\Documents\github_repos\CapMeasurementSystem\io_ops.py", line 12, in load_signal
    data_loader = SignalDataLoader(file_path=file_path, name='Original_Signal', sampling_interval=sampling_interval)
  File "c:\Users\rodi9\Documents\github_repos\CapMeasurementSystem\signal_transformations.py", line 14, in __init__
    self.signal_data, self.state_signal_data = self.load_data(name)
                                               ~~~~~~~~~~~~~~^^^^^^
  File "c:\Users\rodi9\Documents\github_repos\CapMeasurementSystem\signal_transformations.py", line 32, in load_data
    time = arange(len(value_series)) * self.sampling_interval
           ~~~~~~~~~~~~~~~~~~~~~~~~~~^~~~~~~~~~~~~~~~~~~~~~~~
TypeError: The 'out' kwarg is necessary when using the string multiply ufunc directly. Use numpy.strings.multiply to multiply strings without specifying 'out'.
2025-11-25 10:09:22,466 - ERROR - Fehler beim Laden der Datei c:\Users\rodi9\Documents\github_repos\CapMeasurementSystem\samples\C_A2_DUT1_V1_Vishay_Testaufbau_50F_10-11-2025.csv: The 'out' kwarg is necessary when using the string multiply ufunc directly. Use numpy.strings.multiply to multiply strings without specifying 'out'. (File: signal_transformations, Line: 51, Function: load_data)
Traceback (most recent call last):
  File "c:\Users\rodi9\Documents\github_repos\CapMeasurementSystem\signal_transformations.py", line 32, in load_data
    time = arange(len(value_series)) * self.sampling_interval
           ~~~~~~~~~~~~~~~~~~~~~~~~~~^~~~~~~~~~~~~~~~~~~~~~~~
TypeError: The 'out' kwarg is necessary when using the string multiply ufunc directly. Use numpy.strings.multiply to multiply strings without specifying 'out'.
2025-11-25 10:09:22,468 - CRITICAL - Unbehandelte Ausnahme (File: log, Line: 22, Function: handle_exception)
Traceback (most recent call last):
  File "c:\Users\rodi9\Documents\github_repos\CapMeasurementSystem\state_from_state_signal.py", line 19, in <module>
    signal, state_signal = load_signal(file, "Original Signal")
                           ~~~~~~~~~~~^^^^^^^^^^^^^^^^^^^^^^^^^
  File "c:\Users\rodi9\Documents\github_repos\CapMeasurementSystem\io_ops.py", line 12, in load_signal
    data_loader = SignalDataLoader(file_path=file_path, name='Original_Signal', sampling_interval=sampling_interval)
  File "c:\Users\rodi9\Documents\github_repos\CapMeasurementSystem\signal_transformations.py", line 14, in __init__
    self.signal_data, self.state_signal_data = self.load_data(name)
                                               ~~~~~~~~~~~~~~^^^^^^
  File "c:\Users\rodi9\Documents\github_repos\CapMeasurementSystem\signal_transformations.py", line 32, in load_data
    time = arange(len(value_series)) * self.sampling_interval
           ~~~~~~~~~~~~~~~~~~~~~~~~~~^~~~~~~~~~~~~~~~~~~~~~~~
TypeError: The 'out' kwarg is necessary when using the string multiply ufunc directly. Use numpy.strings.multiply to multiply strings without specifying 'out'.
2025-11-25 10:10:51,661 - INFO - Datei erfolgreich geladen: c:\Users\rodi9\Documents\github_repos\CapMeasurementSystem\samples\C_A2_DUT1_V1_Vishay_Testaufbau_50F_10-11-2025.csv
2025-11-25 10:10:51,677 - INFO - Zustandsignal in der Datei gefunden und geladen.
2025-11-25 10:10:51,729 - CRITICAL - Unbehandelte Ausnahme (File: log, Line: 22, Function: handle_exception)
Traceback (most recent call last):
  File "c:\Users\rodi9\Documents\github_repos\CapMeasurementSystem\state_from_state_signal.py", line 21, in <module>
    peak_signal.plot(title="Extracted Peak Signal")
    ^^^^^^^^^^^^^^^^
AttributeError: 'SignalData' object has no attribute 'plot'
2025-11-25 10:11:31,536 - INFO - Datei erfolgreich geladen: c:\Users\rodi9\Documents\github_repos\CapMeasurementSystem\samples\C_A2_DUT1_V1_Vishay_Testaufbau_50F_10-11-2025.csv
2025-11-25 10:11:31,545 - INFO - Zustandsignal in der Datei gefunden und geladen.
2025-11-25 10:11:31,586 - CRITICAL - Unbehandelte Ausnahme (File: log, Line: 22, Function: handle_exception)
Traceback (most recent call last):
  File "c:\Users\rodi9\Documents\github_repos\CapMeasurementSystem\state_from_state_signal.py", line 21, in <module>
    peak_signal.plot_signal(title="Extracted Peak Signal")
    ~~~~~~~~~~~~~~~~~~~~~~~^^^^^^^^^^^^^^^^^^^^^^^^^^^^^^^
TypeError: SignalData.plot_signal() got an unexpected keyword argument 'title'
2025-11-25 10:11:50,115 - INFO - Datei erfolgreich geladen: c:\Users\rodi9\Documents\github_repos\CapMeasurementSystem\samples\C_A2_DUT1_V1_Vishay_Testaufbau_50F_10-11-2025.csv
2025-11-25 10:11:50,125 - INFO - Zustandsignal in der Datei gefunden und geladen.
2025-11-25 10:13:17,776 - INFO - Datei erfolgreich geladen: c:\Users\rodi9\Documents\github_repos\CapMeasurementSystem\samples\C_A2_DUT1_V1_Vishay_Testaufbau_50F_10-11-2025.csv
2025-11-25 10:13:17,785 - INFO - Zustandsignal in der Datei gefunden und geladen.
2025-11-25 10:14:06,661 - INFO - Datei erfolgreich geladen: c:\Users\rodi9\Documents\github_repos\CapMeasurementSystem\samples\C_A2_DUT1_V1_Vishay_Testaufbau_50F_10-11-2025.csv
2025-11-25 10:14:06,669 - INFO - Zustandsignal in der Datei gefunden und geladen.
2025-11-25 10:14:50,969 - INFO - Datei erfolgreich geladen: c:\Users\rodi9\Documents\github_repos\CapMeasurementSystem\samples\C_A2_DUT1_V1_Vishay_Testaufbau_50F_10-11-2025.csv
2025-11-25 10:14:50,978 - INFO - Zustandsignal in der Datei gefunden und geladen.
2025-11-25 10:14:51,392 - WARNING - Warnung: Keine Datenpunkte wurden durch r< 1 entfernt. (File: signal_transformations, Line: 237, Function: cut_by_value)
2025-11-25 10:15:05,828 - INFO - Datei erfolgreich geladen: c:\Users\rodi9\Documents\github_repos\CapMeasurementSystem\samples\C_A2_DUT1_V1_Vishay_Testaufbau_50F_10-11-2025.csv
2025-11-25 10:15:05,838 - INFO - Zustandsignal in der Datei gefunden und geladen.
2025-11-25 10:18:16,547 - INFO - Datei erfolgreich geladen: c:\Users\rodi9\Documents\github_repos\CapMeasurementSystem\samples\C_A2_DUT1_V1_Vishay_Testaufbau_50F_10-11-2025.csv
2025-11-25 10:18:16,561 - INFO - Zustandsignal in der Datei gefunden und geladen.
2025-11-25 10:21:16,985 - INFO - Datei erfolgreich geladen: c:\Users\rodi9\Documents\github_repos\CapMeasurementSystem\samples\C_A2_DUT1_V1_Vishay_Testaufbau_50F_10-11-2025.csv
2025-11-25 10:21:16,993 - INFO - Zustandsignal in der Datei gefunden und geladen.
2025-11-25 10:22:57,508 - INFO - Datei erfolgreich geladen: c:\Users\rodi9\Documents\github_repos\CapMeasurementSystem\samples\C_A2_DUT1_V1_Vishay_Testaufbau_50F_10-11-2025.csv
2025-11-25 10:22:57,517 - INFO - Zustandsignal in der Datei gefunden und geladen.
2025-11-25 10:25:22,902 - INFO - Datei erfolgreich geladen: c:\Users\rodi9\Documents\github_repos\CapMeasurementSystem\samples\C_A2_DUT1_V1_Vishay_Testaufbau_50F_10-11-2025.csv
2025-11-25 10:25:22,912 - INFO - Zustandsignal in der Datei gefunden und geladen.
2025-11-25 10:26:40,681 - INFO - Datei erfolgreich geladen: c:\Users\rodi9\Documents\github_repos\CapMeasurementSystem\samples\C_A2_DUT1_V1_Vishay_Testaufbau_50F_10-11-2025.csv
2025-11-25 10:26:40,690 - INFO - Zustandsignal in der Datei gefunden und geladen.
2025-11-25 10:26:41,201 - WARNING - Warnung: Keine Datenpunkte wurden durch l< 0.003 entfernt. (File: signal_transformations, Line: 217, Function: cut_by_value)
2025-11-25 10:26:57,855 - INFO - Datei erfolgreich geladen: c:\Users\rodi9\Documents\github_repos\CapMeasurementSystem\samples\C_A2_DUT1_V1_Vishay_Testaufbau_50F_10-11-2025.csv
2025-11-25 10:26:57,864 - INFO - Zustandsignal in der Datei gefunden und geladen.
2025-11-25 10:27:43,112 - INFO - Datei erfolgreich geladen: c:\Users\rodi9\Documents\github_repos\CapMeasurementSystem\samples\C_A2_DUT1_V1_Vishay_Testaufbau_50F_10-11-2025.csv
2025-11-25 10:27:43,121 - INFO - Zustandsignal in der Datei gefunden und geladen.
2025-11-25 10:28:53,498 - INFO - Datei erfolgreich geladen: c:\Users\rodi9\Documents\github_repos\CapMeasurementSystem\samples\C_A2_DUT1_V1_Vishay_Testaufbau_50F_10-11-2025.csv
2025-11-25 10:28:53,508 - INFO - Zustandsignal in der Datei gefunden und geladen.
2025-11-25 10:29:53,869 - INFO - Datei erfolgreich geladen: c:\Users\rodi9\Documents\github_repos\CapMeasurementSystem\samples\C_A2_DUT1_V1_Vishay_Testaufbau_50F_10-11-2025.csv
2025-11-25 10:29:53,878 - INFO - Zustandsignal in der Datei gefunden und geladen.
2025-11-25 10:33:28,181 - INFO - Datei erfolgreich geladen: c:\Users\rodi9\Documents\github_repos\CapMeasurementSystem\samples\C_A2_DUT1_V1_Vishay_Testaufbau_50F_10-11-2025.csv
2025-11-25 10:33:28,190 - INFO - Zustandsignal in der Datei gefunden und geladen.
2025-11-25 10:36:10,431 - INFO - Datei erfolgreich geladen: c:\Users\rodi9\Documents\github_repos\CapMeasurementSystem\samples\C_A2_DUT1_V1_Vishay_Testaufbau_50F_10-11-2025.csv
2025-11-25 10:36:10,441 - INFO - Zustandsignal in der Datei gefunden und geladen.
